gauge_id,benchmark_catch,surfacewater_abs,groundwater_abs,discharges,abs_agriculture_perc,abs_amenities_perc,abs_energy_perc,abs_environmental_perc,abs_industry_perc,abs_watersupply_perc,num_reservoir,reservoir_cap,reservoir_he,reservoir_nav,reservoir_drain,reservoir_wr,reservoir_fs,reservoir_env,reservoir_nousedata,reservoir_year_first,reservoir_year_last
10002,N,NaN,NaN,NaN,NaN,NaN,NaN,NaN,NaN,NaN,0,0,NaN,NaN,NaN,NaN,NaN,NaN,NaN,NaN,NaN
10003,N,NaN,NaN,NaN,NaN,NaN,NaN,NaN,NaN,NaN,0,0,NaN,NaN,NaN,NaN,NaN,NaN,NaN,NaN,NaN
1001,N,NaN,NaN,NaN,NaN,NaN,NaN,NaN,NaN,NaN,1,11500,0.00,0.00,0.00,0.00,0.00,0.00,100.00,NaN,NaN
101002,N,0.006,0.023,0.018,18.92,0.00,0.00,0.00,18.29,62.79,0,0,NaN,NaN,NaN,NaN,NaN,NaN,NaN,NaN,NaN
101005,N,0.001,0.015,0.053,11.27,0.00,0.00,0.00,0.22,88.51,0,0,NaN,NaN,NaN,NaN,NaN,NaN,NaN,NaN,NaN
102001,Y,NaN,NaN,NaN,NaN,NaN,NaN,NaN,NaN,NaN,0,0,NaN,NaN,NaN,NaN,NaN,NaN,NaN,NaN,NaN
106001,N,NaN,NaN,NaN,NaN,NaN,NaN,NaN,NaN,NaN,0,0,NaN,NaN,NaN,NaN,NaN,NaN,NaN,NaN,NaN
107001,N,NaN,NaN,NaN,NaN,NaN,NaN,NaN,NaN,NaN,0,0,NaN,NaN,NaN,NaN,NaN,NaN,NaN,NaN,NaN
11001,N,NaN,NaN,NaN,NaN,NaN,NaN,NaN,NaN,NaN,0,0,NaN,NaN,NaN,NaN,NaN,NaN,NaN,NaN,NaN
11003,N,NaN,NaN,NaN,NaN,NaN,NaN,NaN,NaN,NaN,0,0,NaN,NaN,NaN,NaN,NaN,NaN,NaN,NaN,NaN
11004,Y,NaN,NaN,NaN,NaN,NaN,NaN,NaN,NaN,NaN,0,0,NaN,NaN,NaN,NaN,NaN,NaN,NaN,NaN,NaN
12001,Y,NaN,NaN,NaN,NaN,NaN,NaN,NaN,NaN,NaN,0,0,NaN,NaN,NaN,NaN,NaN,NaN,NaN,NaN,NaN
12002,N,NaN,NaN,NaN,NaN,NaN,NaN,NaN,NaN,NaN,0,0,NaN,NaN,NaN,NaN,NaN,NaN,NaN,NaN,NaN
12005,Y,NaN,NaN,NaN,NaN,NaN,NaN,NaN,NaN,NaN,0,0,NaN,NaN,NaN,NaN,NaN,NaN,NaN,NaN,NaN
12006,N,NaN,NaN,NaN,NaN,NaN,NaN,NaN,NaN,NaN,0,0,NaN,NaN,NaN,NaN,NaN,NaN,NaN,NaN,NaN
12007,N,NaN,NaN,NaN,NaN,NaN,NaN,NaN,NaN,NaN,0,0,NaN,NaN,NaN,NaN,NaN,NaN,NaN,NaN,NaN
12008,N,NaN,NaN,NaN,NaN,NaN,NaN,NaN,NaN,NaN,0,0,NaN,NaN,NaN,NaN,NaN,NaN,NaN,NaN,NaN
12009,N,NaN,NaN,NaN,NaN,NaN,NaN,NaN,NaN,NaN,0,0,NaN,NaN,NaN,NaN,NaN,NaN,NaN,NaN,NaN
13001,N,NaN,NaN,NaN,NaN,NaN,NaN,NaN,NaN,NaN,0,0,NaN,NaN,NaN,NaN,NaN,NaN,NaN,NaN,NaN
13004,Y,NaN,NaN,NaN,NaN,NaN,NaN,NaN,NaN,NaN,0,0,NaN,NaN,NaN,NaN,NaN,NaN,NaN,NaN,NaN
13005,N,NaN,NaN,NaN,NaN,NaN,NaN,NaN,NaN,NaN,0,0,NaN,NaN,NaN,NaN,NaN,NaN,NaN,NaN,NaN
13007,N,NaN,NaN,NaN,NaN,NaN,NaN,NaN,NaN,NaN,1,2250,0.00,0.00,0.00,0.00,0.00,0.00,100.00,NaN,NaN
13008,N,NaN,NaN,NaN,NaN,NaN,NaN,NaN,NaN,NaN,0,0,NaN,NaN,NaN,NaN,NaN,NaN,NaN,NaN,NaN
14001,N,NaN,NaN,NaN,NaN,NaN,NaN,NaN,NaN,NaN,0,0,NaN,NaN,NaN,NaN,NaN,NaN,NaN,NaN,NaN
14002,N,NaN,NaN,NaN,NaN,NaN,NaN,NaN,NaN,NaN,0,0,NaN,NaN,NaN,NaN,NaN,NaN,NaN,NaN,NaN
14005,N,NaN,NaN,NaN,NaN,NaN,NaN,NaN,NaN,NaN,0,0,NaN,NaN,NaN,NaN,NaN,NaN,NaN,NaN,NaN
15006,N,NaN,NaN,NaN,NaN,NaN,NaN,NaN,NaN,NaN,16,571555,72.73,0.00,0.00,4.37,0.00,0.00,22.90,1950,1969
15007,N,NaN,NaN,NaN,NaN,NaN,NaN,NaN,NaN,NaN,5,148840,93.45,0.00,0.00,0.00,0.00,0.00,6.55,1958,1959
15010,N,NaN,NaN,NaN,NaN,NaN,NaN,NaN,NaN,NaN,2,38838,0.00,0.00,0.00,64.37,0.00,0.00,35.63,1969,1969
15011,N,NaN,NaN,NaN,NaN,NaN,NaN,NaN,NaN,NaN,2,126040,100.00,0.00,0.00,0.00,0.00,0.00,0.00,1958,1959
15012,N,NaN,NaN,NaN,NaN,NaN,NaN,NaN,NaN,NaN,8,381880,72.43,0.00,0.00,0.00,0.00,0.00,27.57,1950,1962
15013,N,NaN,NaN,NaN,NaN,NaN,NaN,NaN,NaN,NaN,0,0,NaN,NaN,NaN,NaN,NaN,NaN,NaN,NaN,NaN
15014,N,NaN,NaN,NaN,NaN,NaN,NaN,NaN,NaN,NaN,0,0,NaN,NaN,NaN,NaN,NaN,NaN,NaN,NaN,NaN
15016,N,NaN,NaN,NaN,NaN,NaN,NaN,NaN,NaN,NaN,2,19800,65.91,0.00,0.00,0.00,0.00,0.00,34.09,1958,1958
15021,N,NaN,NaN,NaN,NaN,NaN,NaN,NaN,NaN,NaN,0,0,NaN,NaN,NaN,NaN,NaN,NaN,NaN,NaN,NaN
15023,Y,NaN,NaN,NaN,NaN,NaN,NaN,NaN,NaN,NaN,0,0,NaN,NaN,NaN,NaN,NaN,NaN,NaN,NaN,NaN
15024,N,NaN,NaN,NaN,NaN,NaN,NaN,NaN,NaN,NaN,0,0,NaN,NaN,NaN,NaN,NaN,NaN,NaN,NaN,NaN
15025,Y,NaN,NaN,NaN,NaN,NaN,NaN,NaN,NaN,NaN,0,0,NaN,NaN,NaN,NaN,NaN,NaN,NaN,NaN,NaN
15030,N,NaN,NaN,NaN,NaN,NaN,NaN,NaN,NaN,NaN,0,0,NaN,NaN,NaN,NaN,NaN,NaN,NaN,NaN,NaN
15039,N,NaN,NaN,NaN,NaN,NaN,NaN,NaN,NaN,NaN,0,0,NaN,NaN,NaN,NaN,NaN,NaN,NaN,NaN,NaN
16001,N,NaN,NaN,NaN,NaN,NaN,NaN,NaN,NaN,NaN,3,82300,78.01,0.00,0.00,21.99,0.00,0.00,0.00,1958,1964
16003,Y,NaN,NaN,NaN,NaN,NaN,NaN,NaN,NaN,NaN,0,0,NaN,NaN,NaN,NaN,NaN,NaN,NaN,NaN,NaN
16004,N,NaN,NaN,NaN,NaN,NaN,NaN,NaN,NaN,NaN,3,82300,78.01,0.00,0.00,21.99,0.00,0.00,0.00,1958,1964
17001,N,NaN,NaN,NaN,NaN,NaN,NaN,NaN,NaN,NaN,2,25170,0.00,0.00,0.00,84.94,0.00,0.00,15.06,1938,1938
17003,N,NaN,NaN,NaN,NaN,NaN,NaN,NaN,NaN,NaN,0,0,NaN,NaN,NaN,NaN,NaN,NaN,NaN,NaN,NaN
17004,N,NaN,NaN,NaN,NaN,NaN,NaN,NaN,NaN,NaN,0,0,NaN,NaN,NaN,NaN,NaN,NaN,NaN,NaN,NaN
17005,Y,NaN,NaN,NaN,NaN,NaN,NaN,NaN,NaN,NaN,0,0,NaN,NaN,NaN,NaN,NaN,NaN,NaN,NaN,NaN
17015,N,NaN,NaN,NaN,NaN,NaN,NaN,NaN,NaN,NaN,0,0,NaN,NaN,NaN,NaN,NaN,NaN,NaN,NaN,NaN
17018,N,NaN,NaN,NaN,NaN,NaN,NaN,NaN,NaN,NaN,0,0,NaN,NaN,NaN,NaN,NaN,NaN,NaN,NaN,NaN
18001,Y,NaN,NaN,NaN,NaN,NaN,NaN,NaN,NaN,NaN,0,0,NaN,NaN,NaN,NaN,NaN,NaN,NaN,NaN,NaN
18002,N,NaN,NaN,NaN,NaN,NaN,NaN,NaN,NaN,NaN,3,12324,0.00,0.00,0.00,0.00,0.00,0.00,100.00,NaN,NaN
18003,N,NaN,NaN,NaN,NaN,NaN,NaN,NaN,NaN,NaN,4,98936,0.00,0.00,0.00,100.00,0.00,0.00,0.00,1859,1965
18008,N,NaN,NaN,NaN,NaN,NaN,NaN,NaN,NaN,NaN,0,0,NaN,NaN,NaN,NaN,NaN,NaN,NaN,NaN,NaN
18010,N,NaN,NaN,NaN,NaN,NaN,NaN,NaN,NaN,NaN,0,0,NaN,NaN,NaN,NaN,NaN,NaN,NaN,NaN,NaN
18011,Y,NaN,NaN,NaN,NaN,NaN,NaN,NaN,NaN,NaN,4,98936,0.00,0.00,0.00,100.00,0.00,0.00,0.00,1859,1965
18014,N,NaN,NaN,NaN,NaN,NaN,NaN,NaN,NaN,NaN,1,3389,0.00,0.00,0.00,0.00,0.00,0.00,100.00,NaN,NaN
18017,N,NaN,NaN,NaN,NaN,NaN,NaN,NaN,NaN,NaN,0,0,NaN,NaN,NaN,NaN,NaN,NaN,NaN,NaN,NaN
18018,N,NaN,NaN,NaN,NaN,NaN,NaN,NaN,NaN,NaN,0,0,NaN,NaN,NaN,NaN,NaN,NaN,NaN,NaN,NaN
19001,N,NaN,NaN,NaN,NaN,NaN,NaN,NaN,NaN,NaN,1,3802,0.00,0.00,0.00,0.00,0.00,0.00,100.00,NaN,NaN
19006,N,NaN,NaN,NaN,NaN,NaN,NaN,NaN,NaN,NaN,1,4087,0.00,0.00,0.00,0.00,0.00,0.00,100.00,NaN,NaN
19010,N,NaN,NaN,NaN,NaN,NaN,NaN,NaN,NaN,NaN,0,0,NaN,NaN,NaN,NaN,NaN,NaN,NaN,NaN,NaN
19017,N,NaN,NaN,NaN,NaN,NaN,NaN,NaN,NaN,NaN,0,0,NaN,NaN,NaN,NaN,NaN,NaN,NaN,NaN,NaN
19020,N,NaN,NaN,NaN,NaN,NaN,NaN,NaN,NaN,NaN,0,0,NaN,NaN,NaN,NaN,NaN,NaN,NaN,NaN,NaN
20002,N,NaN,NaN,NaN,NaN,NaN,NaN,NaN,NaN,NaN,0,0,NaN,NaN,NaN,NaN,NaN,NaN,NaN,NaN,NaN
20003,N,NaN,NaN,NaN,NaN,NaN,NaN,NaN,NaN,NaN,0,0,NaN,NaN,NaN,NaN,NaN,NaN,NaN,NaN,NaN
20007,Y,NaN,NaN,NaN,NaN,NaN,NaN,NaN,NaN,NaN,0,0,NaN,NaN,NaN,NaN,NaN,NaN,NaN,NaN,NaN
2001,N,NaN,NaN,NaN,NaN,NaN,NaN,NaN,NaN,NaN,1,34000,0.00,0.00,0.00,0.00,0.00,0.00,100.00,NaN,NaN
2002,Y,NaN,NaN,NaN,NaN,NaN,NaN,NaN,NaN,NaN,0,0,NaN,NaN,NaN,NaN,NaN,NaN,NaN,NaN,NaN
21003,N,NaN,NaN,NaN,NaN,NaN,NaN,NaN,NaN,NaN,4,29563,0.00,0.00,0.00,100.00,0.00,0.00,0.00,1905,1969
21006,Y,NaN,NaN,NaN,NaN,NaN,NaN,NaN,NaN,NaN,6,96153,0.00,0.00,0.00,96.89,0.00,0.00,3.11,1905,1983
21008,N,NaN,NaN,NaN,NaN,NaN,NaN,NaN,NaN,NaN,1,2164,0.00,0.00,0.00,0.00,0.00,0.00,100.00,NaN,NaN
21009,N,0.000,0.000,0.000,NaN,NaN,NaN,NaN,NaN,NaN,7,98317,0.00,0.00,0.00,94.76,0.00,0.00,5.24,1905,1983
21011,N,NaN,NaN,NaN,NaN,NaN,NaN,NaN,NaN,NaN,2,66590,0.00,0.00,0.00,95.51,0.00,0.00,4.49,1983,1983
21012,N,NaN,NaN,NaN,NaN,NaN,NaN,NaN,NaN,NaN,0,0,NaN,NaN,NaN,NaN,NaN,NaN,NaN,NaN,NaN
21013,N,NaN,NaN,NaN,NaN,NaN,NaN,NaN,NaN,NaN,0,0,NaN,NaN,NaN,NaN,NaN,NaN,NaN,NaN,NaN
21015,N,NaN,NaN,NaN,NaN,NaN,NaN,NaN,NaN,NaN,0,0,NaN,NaN,NaN,NaN,NaN,NaN,NaN,NaN,NaN
21016,N,NaN,NaN,NaN,NaN,NaN,NaN,NaN,NaN,NaN,0,0,NaN,NaN,NaN,NaN,NaN,NaN,NaN,NaN,NaN
21017,Y,NaN,NaN,NaN,NaN,NaN,NaN,NaN,NaN,NaN,0,0,NaN,NaN,NaN,NaN,NaN,NaN,NaN,NaN,NaN
21018,N,NaN,NaN,NaN,NaN,NaN,NaN,NaN,NaN,NaN,2,5650,0.00,0.00,0.00,100.00,0.00,0.00,0.00,1928,1969
21022,N,NaN,NaN,NaN,NaN,NaN,NaN,NaN,NaN,NaN,2,9991,0.00,0.00,0.00,79.62,0.00,0.00,20.38,1968,1968
21023,Y,NaN,NaN,NaN,NaN,NaN,NaN,NaN,NaN,NaN,0,0,NaN,NaN,NaN,NaN,NaN,NaN,NaN,NaN,NaN
21024,Y,NaN,NaN,NaN,NaN,NaN,NaN,NaN,NaN,NaN,0,0,NaN,NaN,NaN,NaN,NaN,NaN,NaN,NaN,NaN
21026,N,NaN,NaN,NaN,NaN,NaN,NaN,NaN,NaN,NaN,0,0,NaN,NaN,NaN,NaN,NaN,NaN,NaN,NaN,NaN
21027,N,NaN,NaN,NaN,NaN,NaN,NaN,NaN,NaN,NaN,0,0,NaN,NaN,NaN,NaN,NaN,NaN,NaN,NaN,NaN
22001,Y,0.000,0.006,0.004,3.03,0.23,0.04,22.94,0.54,73.22,0,0,NaN,NaN,NaN,NaN,NaN,NaN,NaN,NaN,NaN
22006,N,0.065,0.000,0.002,0.04,0.00,0.00,0.02,0.01,99.93,0,0,NaN,NaN,NaN,NaN,NaN,NaN,NaN,NaN,NaN
22007,N,0.066,0.000,0.000,0.00,0.00,0.00,0.00,0.35,99.65,1,3279,0.00,0.00,0.00,100.00,0.00,0.00,0.00,1903,1903
22009,N,0.000,0.008,0.000,0.00,0.00,0.00,0.00,0.16,99.84,0,0,NaN,NaN,NaN,NaN,NaN,NaN,NaN,NaN,NaN
23001,N,0.060,0.001,0.006,7.80,0.00,5.40,0.00,1.17,85.63,7,225533,0.00,0.00,0.00,98.69,0.00,1.31,0.00,1872,1981
23004,Y,0.015,0.001,0.005,33.13,0.00,59.05,0.00,0.00,7.82,0,0,NaN,NaN,NaN,NaN,NaN,NaN,NaN,NaN,NaN
23006,N,0.031,0.001,0.004,39.09,0.00,57.95,0.00,0.00,2.96,0,0,NaN,NaN,NaN,NaN,NaN,NaN,NaN,NaN,NaN
23007,N,0.730,0.000,0.052,0.00,0.00,0.00,0.00,0.06,99.94,1,50060,0.00,0.00,0.00,100.00,0.00,0.00,0.00,1966,1966
23008,N,0.000,0.000,0.001,NaN,NaN,NaN,NaN,NaN,NaN,1,10500,0.00,0.00,0.00,100.00,0.00,0.00,0.00,1905,1905
23011,N,0.000,0.000,0.000,NaN,NaN,NaN,NaN,NaN,NaN,0,0,NaN,NaN,NaN,NaN,NaN,NaN,NaN,NaN,NaN
23016,N,0.000,0.000,0.000,NaN,NaN,NaN,NaN,NaN,NaN,0,0,NaN,NaN,NaN,NaN,NaN,NaN,NaN,NaN,NaN
24001,N,0.050,0.000,0.062,0.03,0.00,0.00,0.00,0.44,99.52,3,10845,0.00,0.00,0.00,100.00,0.00,0.00,0.00,1877,1937
24003,N,0.058,0.000,0.004,0.00,0.00,0.00,0.00,0.03,99.97,1,6438,0.00,0.00,0.00,100.00,0.00,0.00,0.00,1937,1937
24004,Y,0.000,0.000,0.000,NaN,NaN,NaN,NaN,NaN,NaN,0,0,NaN,NaN,NaN,NaN,NaN,NaN,NaN,NaN,NaN
24005,N,0.000,0.000,0.051,NaN,NaN,NaN,NaN,NaN,NaN,0,0,NaN,NaN,NaN,NaN,NaN,NaN,NaN,NaN,NaN
25001,N,0.273,0.006,0.015,0.03,0.00,1.29,0.00,0.00,98.68,6,87922,0.00,0.00,0.00,100.00,0.00,0.00,0.00,1894,1970
25003,Y,0.000,0.000,0.000,NaN,NaN,NaN,NaN,NaN,NaN,0,0,NaN,NaN,NaN,NaN,NaN,NaN,NaN,NaN,NaN
25006,Y,0.000,0.000,0.001,NaN,NaN,NaN,NaN,NaN,NaN,0,0,NaN,NaN,NaN,NaN,NaN,NaN,NaN,NaN,NaN
25012,N,0.000,0.000,0.000,NaN,NaN,NaN,NaN,NaN,NaN,0,0,NaN,NaN,NaN,NaN,NaN,NaN,NaN,NaN,NaN
25020,N,0.006,0.003,0.040,37.38,0.23,0.00,0.00,0.00,62.39,0,0,NaN,NaN,NaN,NaN,NaN,NaN,NaN,NaN,NaN
25021,N,0.000,0.000,0.054,NaN,NaN,NaN,NaN,NaN,NaN,0,0,NaN,NaN,NaN,NaN,NaN,NaN,NaN,NaN,NaN
25029,N,0.000,0.000,0.029,NaN,NaN,NaN,NaN,NaN,NaN,0,0,NaN,NaN,NaN,NaN,NaN,NaN,NaN,NaN,NaN
26003,Y,0.000,0.028,0.005,2.41,0.00,0.00,0.00,0.00,97.59,0,0,NaN,NaN,NaN,NaN,NaN,NaN,NaN,NaN,NaN
26005,N,0.000,0.002,0.000,100.00,0.00,0.00,0.00,0.00,0.00,0,0,NaN,NaN,NaN,NaN,NaN,NaN,NaN,NaN,NaN
26006,N,0.000,0.007,0.000,100.00,0.00,0.00,0.00,0.00,0.00,0,0,NaN,NaN,NaN,NaN,NaN,NaN,NaN,NaN,NaN
26008,N,0.001,0.012,0.000,4.00,0.00,0.00,0.00,0.24,95.76,0,0,NaN,NaN,NaN,NaN,NaN,NaN,NaN,NaN,NaN
26009,N,0.416,0.005,0.000,100.00,0.00,0.00,0.00,0.00,0.00,0,0,NaN,NaN,NaN,NaN,NaN,NaN,NaN,NaN,NaN
27001,N,0.269,0.009,0.068,24.08,0.00,1.37,0.00,0.21,74.34,3,20617,0.00,0.00,0.00,100.00,0.00,0.00,0.00,1901,1936
27002,N,0.399,0.006,0.077,8.54,0.00,35.02,0.00,0.97,55.47,9,51683,0.00,0.00,0.00,100.00,0.00,0.00,0.00,1864,1966
27003,N,0.166,0.007,0.600,1.14,0.05,35.74,0.12,10.13,52.82,15,66983,0.00,5.04,0.00,35.21,59.75,0.00,0.00,1794,1969
27006,N,0.398,0.003,0.026,0.00,0.00,4.50,0.00,16.44,79.05,10,39197,0.00,0.00,0.00,100.00,0.00,0.00,0.00,1867,1975
27007,N,0.173,0.005,0.015,2.33,0.00,69.97,0.02,0.92,26.76,2,7283,0.00,0.00,0.00,100.00,0.00,0.00,0.00,1910,1926
27009,N,0.123,0.012,0.024,9.47,0.01,34.61,0.01,2.03,53.88,6,30900,0.00,0.00,0.00,90.29,9.71,0.00,0.00,1901,1936
27021,N,0.124,0.006,0.334,0.45,0.23,4.06,0.53,24.04,70.69,10,39197,0.00,0.00,0.00,100.00,0.00,0.00,0.00,1867,1975
27023,N,0.001,0.002,0.110,12.28,0.00,0.00,0.00,87.72,0.00,0,0,NaN,NaN,NaN,NaN,NaN,NaN,NaN,NaN,NaN
27025,N,0.012,0.000,0.167,12.23,5.34,0.00,19.84,62.59,0.00,0,0,NaN,NaN,NaN,NaN,NaN,NaN,NaN,NaN,NaN
27026,N,0.016,0.000,0.074,20.28,0.00,0.00,32.91,46.81,0.00,0,0,NaN,NaN,NaN,NaN,NaN,NaN,NaN,NaN,NaN
27029,N,0.287,0.001,0.247,1.08,0.00,0.99,0.00,1.84,96.09,5,17640,0.00,9.08,0.00,90.92,0.00,0.00,0.00,1816,1969
27030,N,0.002,0.001,0.235,13.63,13.42,4.32,0.00,68.62,0.00,0,0,NaN,NaN,NaN,NaN,NaN,NaN,NaN,NaN,NaN
27032,N,0.000,0.000,0.000,NaN,NaN,NaN,NaN,NaN,NaN,0,0,NaN,NaN,NaN,NaN,NaN,NaN,NaN,NaN,NaN
27034,N,0.049,0.003,0.009,0.50,0.00,60.99,0.00,0.11,38.39,0,0,NaN,NaN,NaN,NaN,NaN,NaN,NaN,NaN,NaN
27035,Y,0.035,0.003,0.045,23.74,0.14,24.91,0.00,8.03,43.18,0,0,NaN,NaN,NaN,NaN,NaN,NaN,NaN,NaN,NaN
27038,N,2.159,0.583,0.256,78.74,0.00,0.00,0.00,0.00,21.26,0,0,NaN,NaN,NaN,NaN,NaN,NaN,NaN,NaN,NaN
27041,N,0.047,0.053,0.014,58.32,0.12,14.58,0.00,2.23,24.74,0,0,NaN,NaN,NaN,NaN,NaN,NaN,NaN,NaN,NaN
27042,Y,0.010,0.010,0.013,98.52,0.00,0.00,0.00,0.15,1.32,0,0,NaN,NaN,NaN,NaN,NaN,NaN,NaN,NaN,NaN
27043,N,0.212,0.010,0.088,10.10,0.00,0.38,0.00,0.12,89.40,4,26647,0.00,0.00,0.00,100.00,0.00,0.00,0.00,1864,1873
27047,Y,0.000,0.000,0.000,NaN,NaN,NaN,NaN,NaN,NaN,0,0,NaN,NaN,NaN,NaN,NaN,NaN,NaN,NaN,NaN
27049,N,0.000,0.171,0.002,99.98,0.00,0.00,0.00,0.00,0.02,0,0,NaN,NaN,NaN,NaN,NaN,NaN,NaN,NaN,NaN
27051,Y,0.000,0.000,0.000,NaN,NaN,NaN,NaN,NaN,NaN,0,0,NaN,NaN,NaN,NaN,NaN,NaN,NaN,NaN,NaN
27062,N,0.254,0.009,0.066,24.31,0.00,1.36,0.00,0.21,74.12,3,20617,0.00,0.00,0.00,100.00,0.00,0.00,0.00,1901,1936
27064,N,0.000,0.000,0.095,NaN,NaN,NaN,NaN,NaN,NaN,0,0,NaN,NaN,NaN,NaN,NaN,NaN,NaN,NaN,NaN
27065,N,0.369,0.003,0.138,0.00,0.00,18.93,0.00,2.56,78.51,1,3260,0.00,0.00,0.00,100.00,0.00,0.00,0.00,1954,1954
27071,Y,0.004,0.019,0.019,12.44,0.11,0.16,0.00,23.57,63.72,0,0,NaN,NaN,NaN,NaN,NaN,NaN,NaN,NaN,NaN
27073,Y,0.000,0.000,0.000,NaN,NaN,NaN,NaN,NaN,NaN,0,0,NaN,NaN,NaN,NaN,NaN,NaN,NaN,NaN,NaN
27077,N,0.000,0.015,0.000,0.00,0.00,0.00,0.00,100.00,0.00,0,0,NaN,NaN,NaN,NaN,NaN,NaN,NaN,NaN,NaN
27079,N,0.205,0.007,0.429,0.54,0.00,15.93,0.00,12.31,71.21,8,25878,0.00,13.04,0.00,86.96,0.00,0.00,0.00,1794,1969
27080,N,0.047,0.006,0.822,5.69,0.35,6.36,0.89,12.02,74.69,3,1082,0.00,0.00,0.00,100.00,0.00,0.00,0.00,1846,1878
27084,Y,0.000,0.003,0.005,0.00,0.00,0.00,0.00,96.82,3.18,0,0,NaN,NaN,NaN,NaN,NaN,NaN,NaN,NaN,NaN
27087,N,0.031,0.055,0.024,36.45,0.01,0.00,0.00,8.28,55.26,0,0,NaN,NaN,NaN,NaN,NaN,NaN,NaN,NaN,NaN
27089,N,0.371,0.006,0.082,8.57,0.00,35.00,0.00,0.97,55.45,9,51683,0.00,0.00,0.00,100.00,0.00,0.00,0.00,1864,1966
27090,N,0.005,0.003,0.019,66.13,0.40,0.07,0.00,1.65,31.76,0,0,NaN,NaN,NaN,NaN,NaN,NaN,NaN,NaN,NaN
28001,N,0.895,0.000,0.000,0.03,0.00,0.88,0.00,0.00,99.09,3,46260,0.00,0.00,0.00,100.00,0.00,0.00,0.00,1916,1943
28003,N,0.011,0.052,0.217,1.60,0.00,0.04,0.00,96.73,1.61,1,2400,0.00,0.00,0.00,0.00,0.00,0.00,0.00,1930,1930
28008,N,0.031,0.002,0.018,0.62,0.00,0.00,0.00,7.64,91.74,1,36000,0.00,0.00,0.00,100.00,0.00,0.00,0.00,1992,1992
28009,N,0.471,0.037,0.219,0.32,0.05,55.38,0.03,11.35,32.88,18,155932,0.00,5.67,0.00,92.79,0.00,0.00,0.00,1796,1992
28012,N,0.088,0.072,0.199,1.52,0.06,19.52,0.01,2.60,76.29,2,20396,0.00,10.77,0.00,89.23,0.00,0.00,0.00,1833,1953
28015,N,0.010,0.265,0.124,5.88,0.09,0.00,0.50,4.54,88.98,1,3200,0.00,0.00,0.00,0.00,100.00,0.00,0.00,1990,1990
28018,N,0.068,0.051,0.050,0.34,0.00,11.30,0.05,16.24,72.07,3,45390,0.00,6.50,0.00,93.50,0.00,0.00,0.00,1796,1992
28022,N,0.430,0.040,0.225,0.46,0.04,54.65,0.03,11.32,33.49,18,155932,0.00,5.67,0.00,92.79,0.00,0.00,0.00,1796,1992
28023,N,0.000,0.033,0.066,0.00,0.00,0.00,1.37,93.40,5.23,0,0,NaN,NaN,NaN,NaN,NaN,NaN,NaN,NaN,NaN
28024,N,0.023,0.003,0.037,0.98,0.18,0.00,0.00,98.83,0.00,0,0,NaN,NaN,NaN,NaN,NaN,NaN,NaN,NaN,NaN
28026,N,0.004,0.002,0.152,5.90,2.72,0.05,0.00,71.16,20.17,0,0,NaN,NaN,NaN,NaN,NaN,NaN,NaN,NaN,NaN
28031,N,0.003,0.000,0.004,0.00,0.00,0.00,0.00,100.00,0.00,0,0,NaN,NaN,NaN,NaN,NaN,NaN,NaN,NaN,NaN
28033,N,0.000,0.000,0.000,NaN,NaN,NaN,NaN,NaN,NaN,0,0,NaN,NaN,NaN,NaN,NaN,NaN,NaN,NaN,NaN
28039,N,0.013,0.023,0.000,0.00,0.03,0.00,0.00,98.70,1.27,1,2400,0.00,0.00,0.00,0.00,0.00,0.00,0.00,1930,1930
28040,N,0.002,0.000,0.000,0.00,0.00,0.00,0.00,100.00,0.00,0,0,NaN,NaN,NaN,NaN,NaN,NaN,NaN,NaN,NaN
28043,N,0.499,0.002,0.015,1.25,0.00,0.59,0.00,0.31,97.86,3,46260,0.00,0.00,0.00,100.00,0.00,0.00,0.00,1916,1943
28044,N,0.004,0.000,0.039,93.61,0.00,0.00,0.00,6.39,0.00,0,0,NaN,NaN,NaN,NaN,NaN,NaN,NaN,NaN,NaN
28046,Y,0.000,0.001,0.005,0.00,0.00,0.00,0.00,100.00,0.00,0,0,NaN,NaN,NaN,NaN,NaN,NaN,NaN,NaN,NaN
28048,N,0.360,0.000,0.163,0.00,0.00,0.00,0.00,0.07,99.93,1,6180,0.00,0.00,0.00,100.00,0.00,0.00,0.00,1958,1958
28050,N,0.004,0.080,0.127,2.63,0.03,0.00,1.51,13.22,82.61,0,0,NaN,NaN,NaN,NaN,NaN,NaN,NaN,NaN,NaN
28052,N,0.000,0.202,0.016,0.22,0.00,0.00,0.00,0.00,99.78,0,0,NaN,NaN,NaN,NaN,NaN,NaN,NaN,NaN,NaN
28055,N,0.000,0.000,0.047,NaN,NaN,NaN,NaN,NaN,NaN,0,0,NaN,NaN,NaN,NaN,NaN,NaN,NaN,NaN,NaN
28056,N,0.003,0.000,0.000,5.37,0.00,0.00,0.00,6.87,87.76,0,0,NaN,NaN,NaN,NaN,NaN,NaN,NaN,NaN,NaN
28060,N,0.000,0.161,0.030,36.36,0.00,0.00,0.85,4.38,58.41,0,0,NaN,NaN,NaN,NaN,NaN,NaN,NaN,NaN,NaN
28066,N,0.004,0.009,0.000,0.00,0.00,0.00,0.13,99.87,0.00,0,0,NaN,NaN,NaN,NaN,NaN,NaN,NaN,NaN,NaN
28067,N,1.226,0.009,0.142,0.17,0.00,52.00,0.00,19.22,28.60,4,52440,0.00,0.00,0.00,100.00,0.00,0.00,0.00,1916,1958
28072,Y,0.002,0.338,0.014,5.18,0.00,0.00,0.00,0.00,94.82,0,0,NaN,NaN,NaN,NaN,NaN,NaN,NaN,NaN,NaN
28074,N,0.021,0.002,0.184,1.42,0.11,0.03,0.00,44.29,54.15,3,7056,0.00,0.00,0.00,100.00,0.00,0.00,0.00,1870,1906
28080,N,0.049,0.032,0.858,1.67,0.00,0.02,0.01,46.21,52.10,2,4321,0.00,0.00,0.00,44.46,0.00,0.00,0.00,1884,1930
28081,N,0.013,0.055,0.259,3.39,0.00,0.00,0.00,96.61,0.00,0,0,NaN,NaN,NaN,NaN,NaN,NaN,NaN,NaN,NaN
28082,N,0.006,0.003,0.069,13.99,0.80,0.00,0.00,68.86,16.35,0,0,NaN,NaN,NaN,NaN,NaN,NaN,NaN,NaN,NaN
28085,N,1.061,0.009,0.067,0.20,0.00,65.94,0.01,0.76,33.10,4,52440,0.00,0.00,0.00,100.00,0.00,0.00,0.00,1916,1958
28091,N,0.004,0.090,0.144,11.75,0.03,0.00,13.09,5.93,69.20,0,0,NaN,NaN,NaN,NaN,NaN,NaN,NaN,NaN,NaN
28093,N,0.023,0.002,0.179,1.43,0.12,0.00,0.00,46.64,51.81,2,4756,0.00,0.00,0.00,100.00,0.00,0.00,0.00,1870,1896
28115,N,0.001,0.004,1.095,19.73,0.00,0.85,0.00,79.42,0.00,0,0,NaN,NaN,NaN,NaN,NaN,NaN,NaN,NaN,NaN
28116,N,0.005,0.385,0.269,4.45,0.00,0.01,0.01,6.96,88.57,0,0,NaN,NaN,NaN,NaN,NaN,NaN,NaN,NaN,NaN
28117,N,0.446,0.010,0.039,0.65,0.00,37.98,0.02,2.18,59.17,3,46260,0.00,0.00,0.00,100.00,0.00,0.00,0.00,1916,1943
29002,N,0.509,0.044,0.000,92.10,0.00,0.00,0.00,0.00,7.90,0,0,NaN,NaN,NaN,NaN,NaN,NaN,NaN,NaN,NaN
29003,Y,0.014,0.180,0.000,7.13,0.00,0.00,0.00,0.00,92.86,0,0,NaN,NaN,NaN,NaN,NaN,NaN,NaN,NaN,NaN
29005,N,0.000,0.000,0.036,NaN,NaN,NaN,NaN,NaN,NaN,0,0,NaN,NaN,NaN,NaN,NaN,NaN,NaN,NaN,NaN
29009,Y,0.006,0.004,0.006,99.22,0.00,0.00,0.00,0.78,0.00,0,0,NaN,NaN,NaN,NaN,NaN,NaN,NaN,NaN,NaN
30001,N,0.018,0.002,0.064,6.27,0.02,0.00,0.00,1.74,91.97,0,0,NaN,NaN,NaN,NaN,NaN,NaN,NaN,NaN,NaN
30004,Y,0.002,0.001,0.002,100.00,0.00,0.00,0.00,0.00,0.00,0,0,NaN,NaN,NaN,NaN,NaN,NaN,NaN,NaN,NaN
30005,N,0.039,0.005,0.006,0.00,0.00,0.00,0.00,0.31,99.69,0,0,NaN,NaN,NaN,NaN,NaN,NaN,NaN,NaN,NaN
30011,N,0.010,0.000,0.001,99.89,0.00,0.00,0.00,0.11,0.00,0,0,NaN,NaN,NaN,NaN,NaN,NaN,NaN,NaN,NaN
30012,Y,0.001,0.000,0.000,100.00,0.00,0.00,0.00,0.00,0.00,0,0,NaN,NaN,NaN,NaN,NaN,NaN,NaN,NaN,NaN
30014,N,0.000,0.000,0.000,NaN,NaN,NaN,NaN,NaN,NaN,0,0,NaN,NaN,NaN,NaN,NaN,NaN,NaN,NaN,NaN
30015,Y,0.058,0.000,0.000,0.00,0.00,0.00,0.00,0.69,99.31,0,0,NaN,NaN,NaN,NaN,NaN,NaN,NaN,NaN,NaN
3003,Y,NaN,NaN,NaN,NaN,NaN,NaN,NaN,NaN,NaN,0,0,NaN,NaN,NaN,NaN,NaN,NaN,NaN,NaN,NaN
31002,N,0.000,0.063,0.005,0.30,0.00,0.00,0.00,9.27,90.43,0,0,NaN,NaN,NaN,NaN,NaN,NaN,NaN,NaN,NaN
31006,N,1.628,0.000,0.067,6.38,0.00,0.00,0.30,0.00,93.32,1,124000,0.00,0.00,0.00,100.00,0.00,0.00,0.00,1976,1976
31010,N,0.000,0.000,0.007,NaN,NaN,NaN,NaN,NaN,NaN,0,0,NaN,NaN,NaN,NaN,NaN,NaN,NaN,NaN,NaN
31021,N,0.001,0.004,0.048,1.65,0.00,0.00,0.00,53.94,44.41,0,0,NaN,NaN,NaN,NaN,NaN,NaN,NaN,NaN,NaN
31023,Y,0.000,0.000,0.000,NaN,NaN,NaN,NaN,NaN,NaN,0,0,NaN,NaN,NaN,NaN,NaN,NaN,NaN,NaN,NaN
31025,N,0.000,0.000,0.179,NaN,NaN,NaN,NaN,NaN,NaN,0,0,NaN,NaN,NaN,NaN,NaN,NaN,NaN,NaN,NaN
32003,Y,0.000,0.000,0.012,NaN,NaN,NaN,NaN,NaN,NaN,0,0,NaN,NaN,NaN,NaN,NaN,NaN,NaN,NaN,NaN
32004,N,0.000,0.000,0.013,NaN,NaN,NaN,NaN,NaN,NaN,0,0,NaN,NaN,NaN,NaN,NaN,NaN,NaN,NaN,NaN
32006,N,0.000,0.000,0.064,NaN,NaN,NaN,NaN,NaN,NaN,0,0,NaN,NaN,NaN,NaN,NaN,NaN,NaN,NaN,NaN
32008,N,0.000,0.000,0.098,NaN,NaN,NaN,NaN,NaN,NaN,0,0,NaN,NaN,NaN,NaN,NaN,NaN,NaN,NaN,NaN
33006,N,0.001,0.069,0.015,17.34,0.00,0.00,0.10,6.86,75.70,0,0,NaN,NaN,NaN,NaN,NaN,NaN,NaN,NaN,NaN
33007,N,0.135,0.015,0.004,51.96,0.00,0.00,0.00,0.00,48.04,0,0,NaN,NaN,NaN,NaN,NaN,NaN,NaN,NaN,NaN
33012,N,0.000,0.000,0.012,NaN,NaN,NaN,NaN,NaN,NaN,0,0,NaN,NaN,NaN,NaN,NaN,NaN,NaN,NaN,NaN
33013,N,0.005,0.031,0.025,29.75,0.00,0.00,0.84,1.95,67.47,0,0,NaN,NaN,NaN,NaN,NaN,NaN,NaN,NaN,NaN
33014,N,0.017,0.116,0.008,27.43,0.00,0.40,0.00,15.93,56.25,0,0,NaN,NaN,NaN,NaN,NaN,NaN,NaN,NaN,NaN
33018,Y,0.000,0.000,0.017,NaN,NaN,NaN,NaN,NaN,NaN,0,0,NaN,NaN,NaN,NaN,NaN,NaN,NaN,NaN,NaN
33019,Y,0.005,0.040,0.012,32.88,0.00,0.00,7.66,9.82,49.64,0,0,NaN,NaN,NaN,NaN,NaN,NaN,NaN,NaN,NaN
33020,N,0.000,0.000,0.007,NaN,NaN,NaN,NaN,NaN,NaN,0,0,NaN,NaN,NaN,NaN,NaN,NaN,NaN,NaN,NaN
33021,N,0.001,0.107,0.031,3.04,0.00,0.00,6.43,1.04,89.49,0,0,NaN,NaN,NaN,NaN,NaN,NaN,NaN,NaN,NaN
33022,N,0.002,0.067,0.107,4.12,0.01,0.00,0.01,0.51,95.35,0,0,NaN,NaN,NaN,NaN,NaN,NaN,NaN,NaN,NaN
33023,N,0.001,0.031,0.004,31.82,0.00,0.00,10.34,0.00,57.84,0,0,NaN,NaN,NaN,NaN,NaN,NaN,NaN,NaN,NaN
33024,N,0.001,0.216,0.029,1.61,0.00,0.00,14.90,37.42,46.07,0,0,NaN,NaN,NaN,NaN,NaN,NaN,NaN,NaN,NaN
33026,N,0.109,0.019,0.095,0.85,0.03,9.76,0.01,1.09,88.26,2,4018,0.00,0.00,0.00,0.00,100.00,0.00,0.00,1972,1972
33028,N,0.003,0.002,0.185,98.05,0.87,0.00,0.00,0.65,0.43,0,0,NaN,NaN,NaN,NaN,NaN,NaN,NaN,NaN,NaN
33029,Y,0.005,0.112,0.002,21.20,0.00,0.00,0.00,0.07,78.73,0,0,NaN,NaN,NaN,NaN,NaN,NaN,NaN,NaN,NaN
33031,N,0.000,0.081,0.000,0.00,0.00,0.00,0.00,0.64,99.36,0,0,NaN,NaN,NaN,NaN,NaN,NaN,NaN,NaN,NaN
33032,N,0.002,0.048,0.000,9.71,0.00,0.00,0.00,0.00,90.29,0,0,NaN,NaN,NaN,NaN,NaN,NaN,NaN,NaN,NaN
33033,N,0.000,0.095,0.089,0.33,0.00,0.00,0.03,0.52,99.12,0,0,NaN,NaN,NaN,NaN,NaN,NaN,NaN,NaN,NaN
33034,N,0.004,0.046,0.020,25.08,0.00,0.00,3.62,6.80,64.49,0,0,NaN,NaN,NaN,NaN,NaN,NaN,NaN,NaN,NaN
33035,N,0.017,0.076,0.034,20.00,0.01,0.04,10.05,8.49,61.41,0,0,NaN,NaN,NaN,NaN,NaN,NaN,NaN,NaN,NaN
33039,N,0.021,0.007,0.102,2.01,0.24,45.97,0.02,4.28,47.49,2,4018,0.00,0.00,0.00,0.00,100.00,0.00,0.00,1972,1972
33053,N,0.004,0.087,0.045,4.59,0.02,0.00,4.30,0.86,90.22,0,0,NaN,NaN,NaN,NaN,NaN,NaN,NaN,NaN,NaN
33054,N,0.005,0.205,0.006,5.15,0.00,0.00,0.00,0.00,94.85,0,0,NaN,NaN,NaN,NaN,NaN,NaN,NaN,NaN,NaN
33058,N,0.000,0.017,0.116,1.48,0.00,0.00,0.00,8.86,89.66,0,0,NaN,NaN,NaN,NaN,NaN,NaN,NaN,NaN,NaN
34002,N,0.000,0.013,0.015,4.97,0.00,0.00,0.00,0.00,95.03,0,0,NaN,NaN,NaN,NaN,NaN,NaN,NaN,NaN,NaN
34003,N,0.004,0.025,0.007,32.38,0.00,0.00,0.00,0.00,67.62,0,0,NaN,NaN,NaN,NaN,NaN,NaN,NaN,NaN,NaN
34004,N,0.071,0.100,0.020,3.77,0.00,0.00,0.03,3.90,92.30,0,0,NaN,NaN,NaN,NaN,NaN,NaN,NaN,NaN,NaN
34005,N,0.004,0.004,0.013,73.66,0.00,0.00,0.00,26.34,0.00,0,0,NaN,NaN,NaN,NaN,NaN,NaN,NaN,NaN,NaN
34006,N,0.001,0.038,0.018,7.15,0.02,0.00,1.21,6.82,84.80,0,0,NaN,NaN,NaN,NaN,NaN,NaN,NaN,NaN,NaN
34007,N,0.000,0.028,0.025,7.46,0.00,0.00,4.47,23.93,64.14,0,0,NaN,NaN,NaN,NaN,NaN,NaN,NaN,NaN,NaN
34008,N,0.003,0.033,0.048,25.85,0.00,0.00,0.00,15.49,58.67,0,0,NaN,NaN,NaN,NaN,NaN,NaN,NaN,NaN,NaN
34010,N,0.003,0.039,0.018,10.22,0.00,0.00,0.09,1.24,88.45,0,0,NaN,NaN,NaN,NaN,NaN,NaN,NaN,NaN,NaN
34011,Y,0.001,0.009,0.022,91.39,0.00,0.00,0.00,8.08,0.53,0,0,NaN,NaN,NaN,NaN,NaN,NaN,NaN,NaN,NaN
34012,N,0.000,0.013,0.012,97.43,0.00,0.00,0.01,2.55,0.00,0,0,NaN,NaN,NaN,NaN,NaN,NaN,NaN,NaN,NaN
35003,N,0.000,0.028,0.000,1.19,0.00,0.00,0.00,0.00,98.81,0,0,NaN,NaN,NaN,NaN,NaN,NaN,NaN,NaN,NaN
35008,N,0.001,0.007,0.048,0.16,7.47,0.00,0.00,92.38,0.00,0,0,NaN,NaN,NaN,NaN,NaN,NaN,NaN,NaN,NaN
36003,Y,0.001,0.002,0.018,55.95,0.00,0.00,0.00,44.05,0.00,0,0,NaN,NaN,NaN,NaN,NaN,NaN,NaN,NaN,NaN
36006,N,0.073,0.075,0.034,1.56,0.09,2.39,9.64,2.45,83.87,0,0,NaN,NaN,NaN,NaN,NaN,NaN,NaN,NaN,NaN
36009,Y,0.000,0.000,0.000,NaN,NaN,NaN,NaN,NaN,NaN,0,0,NaN,NaN,NaN,NaN,NaN,NaN,NaN,NaN,NaN
36010,Y,0.000,0.000,0.014,NaN,NaN,NaN,NaN,NaN,NaN,0,0,NaN,NaN,NaN,NaN,NaN,NaN,NaN,NaN,NaN
36011,N,0.000,0.006,0.180,0.00,0.00,0.00,0.00,100.00,0.00,0,0,NaN,NaN,NaN,NaN,NaN,NaN,NaN,NaN,NaN
36012,N,0.000,0.071,0.018,0.43,0.00,0.00,3.85,0.00,95.72,0,0,NaN,NaN,NaN,NaN,NaN,NaN,NaN,NaN,NaN
37001,N,0.003,0.006,0.035,31.12,0.00,0.00,0.00,5.34,63.54,0,0,NaN,NaN,NaN,NaN,NaN,NaN,NaN,NaN,NaN
37003,N,0.011,0.000,0.010,100.00,0.00,0.00,0.00,0.00,0.00,0,0,NaN,NaN,NaN,NaN,NaN,NaN,NaN,NaN,NaN
37005,Y,0.001,0.041,0.040,2.99,0.02,0.00,0.00,0.68,96.31,0,0,NaN,NaN,NaN,NaN,NaN,NaN,NaN,NaN,NaN
37008,N,0.002,0.015,0.024,10.91,0.00,0.00,0.00,1.19,87.90,0,0,NaN,NaN,NaN,NaN,NaN,NaN,NaN,NaN,NaN
37009,N,0.001,0.020,0.129,5.48,0.00,0.00,0.00,0.32,94.20,0,0,NaN,NaN,NaN,NaN,NaN,NaN,NaN,NaN,NaN
37010,N,0.001,0.064,0.031,1.69,0.03,0.00,0.01,0.76,97.51,0,0,NaN,NaN,NaN,NaN,NaN,NaN,NaN,NaN,NaN
37011,N,0.000,0.026,0.007,0.32,0.00,0.00,0.00,0.00,99.68,0,0,NaN,NaN,NaN,NaN,NaN,NaN,NaN,NaN,NaN
37018,N,0.000,0.000,0.184,NaN,NaN,NaN,NaN,NaN,NaN,0,0,NaN,NaN,NaN,NaN,NaN,NaN,NaN,NaN,NaN
37019,N,0.000,0.006,0.000,0.00,0.00,0.00,0.00,100.00,0.00,0,0,NaN,NaN,NaN,NaN,NaN,NaN,NaN,NaN,NaN
37020,N,0.001,0.022,0.034,3.77,0.00,0.00,0.00,0.01,96.22,0,0,NaN,NaN,NaN,NaN,NaN,NaN,NaN,NaN,NaN
37031,N,0.000,0.000,0.017,NaN,NaN,NaN,NaN,NaN,NaN,0,0,NaN,NaN,NaN,NaN,NaN,NaN,NaN,NaN,NaN
37033,N,0.000,0.000,0.000,NaN,NaN,NaN,NaN,NaN,NaN,0,0,NaN,NaN,NaN,NaN,NaN,NaN,NaN,NaN,NaN
38001,N,0.084,0.198,0.156,1.64,0.03,0.00,0.07,1.96,96.29,0,0,NaN,NaN,NaN,NaN,NaN,NaN,NaN,NaN,NaN
38003,N,0.006,0.132,0.005,9.99,0.00,0.00,0.00,0.02,89.98,0,0,NaN,NaN,NaN,NaN,NaN,NaN,NaN,NaN,NaN
38004,N,0.000,0.118,0.017,0.99,0.00,0.00,0.00,0.00,99.01,0,0,NaN,NaN,NaN,NaN,NaN,NaN,NaN,NaN,NaN
38007,N,0.000,0.007,0.000,92.11,0.00,0.00,0.00,7.89,0.00,0,0,NaN,NaN,NaN,NaN,NaN,NaN,NaN,NaN,NaN
38012,N,0.000,0.132,0.000,0.00,0.00,0.00,0.00,0.00,100.00,0,0,NaN,NaN,NaN,NaN,NaN,NaN,NaN,NaN,NaN
38014,N,0.001,0.022,0.000,4.09,0.00,0.00,0.00,3.66,92.25,0,0,NaN,NaN,NaN,NaN,NaN,NaN,NaN,NaN,NaN
38017,N,0.000,0.054,0.005,28.43,0.00,0.00,0.00,0.00,71.57,0,0,NaN,NaN,NaN,NaN,NaN,NaN,NaN,NaN,NaN
38018,N,0.001,0.377,0.292,0.14,0.16,0.00,0.33,5.24,94.14,0,0,NaN,NaN,NaN,NaN,NaN,NaN,NaN,NaN,NaN
38021,N,0.000,0.007,0.000,35.91,0.00,0.00,0.00,13.10,50.99,0,0,NaN,NaN,NaN,NaN,NaN,NaN,NaN,NaN,NaN
38026,Y,0.004,0.000,0.019,100.00,0.00,0.00,0.00,0.00,0.00,0,0,NaN,NaN,NaN,NaN,NaN,NaN,NaN,NaN,NaN
38029,N,0.000,0.018,0.008,0.46,0.00,0.00,0.00,0.00,99.54,0,0,NaN,NaN,NaN,NaN,NaN,NaN,NaN,NaN,NaN
38030,N,0.000,0.231,0.003,0.01,0.00,0.00,0.00,0.12,99.87,0,0,NaN,NaN,NaN,NaN,NaN,NaN,NaN,NaN,NaN
39001,N,0.273,0.109,0.129,3.75,0.94,7.13,0.13,1.78,86.27,14,157699,0.00,0.00,0.00,100.00,0.00,0.00,0.00,1855,1977
39002,N,0.106,0.018,0.073,9.63,1.20,41.84,0.30,2.03,45.00,2,7560,0.00,0.00,0.00,100.00,0.00,0.00,0.00,1967,1977
39004,N,0.000,0.511,0.000,0.00,0.00,0.00,0.00,0.31,99.69,0,0,NaN,NaN,NaN,NaN,NaN,NaN,NaN,NaN,NaN
39005,N,0.000,0.494,0.677,0.00,0.00,0.00,0.00,0.01,99.99,0,0,NaN,NaN,NaN,NaN,NaN,NaN,NaN,NaN,NaN
39006,N,0.036,0.019,0.050,25.59,25.41,2.23,0.00,1.47,45.30,0,0,NaN,NaN,NaN,NaN,NaN,NaN,NaN,NaN,NaN
39007,N,0.001,0.064,0.218,1.50,0.00,0.00,0.00,7.13,91.37,0,0,NaN,NaN,NaN,NaN,NaN,NaN,NaN,NaN,NaN
39008,N,0.097,0.034,0.060,16.78,2.40,6.30,0.02,3.14,71.37,2,7560,0.00,0.00,0.00,100.00,0.00,0.00,0.00,1967,1977
39010,N,0.011,0.392,0.247,4.19,0.00,0.00,0.03,2.86,92.92,1,2728,0.00,0.00,0.00,100.00,0.00,0.00,0.00,1955,1955
39011,N,0.046,0.095,0.080,11.28,0.03,21.78,0.00,9.35,57.55,0,0,NaN,NaN,NaN,NaN,NaN,NaN,NaN,NaN,NaN
39012,N,0.000,0.283,0.893,0.00,0.00,0.00,0.00,0.00,100.00,0,0,NaN,NaN,NaN,NaN,NaN,NaN,NaN,NaN,NaN
39014,N,0.000,0.217,0.019,0.94,0.00,0.00,0.03,0.00,99.03,0,0,NaN,NaN,NaN,NaN,NaN,NaN,NaN,NaN,NaN
39015,N,0.000,0.115,0.000,0.00,0.00,0.00,0.00,0.00,100.00,0,0,NaN,NaN,NaN,NaN,NaN,NaN,NaN,NaN,NaN
39016,N,0.058,0.064,0.046,47.54,0.02,0.00,1.65,2.11,48.68,0,0,NaN,NaN,NaN,NaN,NaN,NaN,NaN,NaN,NaN
39017,Y,0.000,0.000,0.000,NaN,NaN,NaN,NaN,NaN,NaN,0,0,NaN,NaN,NaN,NaN,NaN,NaN,NaN,NaN,NaN
39019,Y,0.012,0.027,0.014,31.21,0.00,0.00,19.88,0.17,48.74,0,0,NaN,NaN,NaN,NaN,NaN,NaN,NaN,NaN,NaN
39020,Y,0.068,0.075,0.004,47.18,0.34,0.00,0.00,0.00,52.49,0,0,NaN,NaN,NaN,NaN,NaN,NaN,NaN,NaN,NaN
39021,N,0.008,0.000,0.053,2.61,0.07,0.00,0.00,1.85,95.47,0,0,NaN,NaN,NaN,NaN,NaN,NaN,NaN,NaN,NaN
39022,N,0.040,0.108,0.176,26.90,0.00,0.00,0.08,1.24,71.77,0,0,NaN,NaN,NaN,NaN,NaN,NaN,NaN,NaN,NaN
39023,N,0.000,0.161,0.165,0.01,0.00,0.00,0.01,2.21,97.77,0,0,NaN,NaN,NaN,NaN,NaN,NaN,NaN,NaN,NaN
39025,Y,0.000,0.140,0.030,0.12,0.00,0.00,0.63,0.01,99.24,0,0,NaN,NaN,NaN,NaN,NaN,NaN,NaN,NaN,NaN
39027,N,0.000,0.184,0.010,0.24,0.34,0.00,3.32,3.13,92.97,0,0,NaN,NaN,NaN,NaN,NaN,NaN,NaN,NaN,NaN
39028,Y,0.000,0.011,0.005,1.12,0.00,0.00,0.05,0.00,98.82,0,0,NaN,NaN,NaN,NaN,NaN,NaN,NaN,NaN,NaN
39029,N,0.001,0.323,0.000,59.80,0.00,0.00,0.00,0.00,40.19,0,0,NaN,NaN,NaN,NaN,NaN,NaN,NaN,NaN,NaN
39034,Y,0.001,0.001,0.029,42.77,8.73,0.00,0.00,19.31,29.19,0,0,NaN,NaN,NaN,NaN,NaN,NaN,NaN,NaN,NaN
39035,N,0.119,0.052,0.000,9.92,0.00,59.86,0.00,0.00,30.22,0,0,NaN,NaN,NaN,NaN,NaN,NaN,NaN,NaN,NaN
39036,N,0.001,0.625,0.000,54.93,0.00,0.00,0.00,0.00,45.07,0,0,NaN,NaN,NaN,NaN,NaN,NaN,NaN,NaN,NaN
39037,N,0.000,0.014,0.006,0.39,0.00,0.00,0.00,0.02,99.59,0,0,NaN,NaN,NaN,NaN,NaN,NaN,NaN,NaN,NaN
39042,N,0.269,0.000,0.016,99.96,0.00,0.00,0.00,0.00,0.04,0,0,NaN,NaN,NaN,NaN,NaN,NaN,NaN,NaN,NaN
39049,N,0.000,0.000,0.000,NaN,NaN,NaN,NaN,NaN,NaN,0,0,NaN,NaN,NaN,NaN,NaN,NaN,NaN,NaN,NaN
39052,N,0.000,0.000,0.150,NaN,NaN,NaN,NaN,NaN,NaN,0,0,NaN,NaN,NaN,NaN,NaN,NaN,NaN,NaN,NaN
39054,N,0.000,0.000,0.003,NaN,NaN,NaN,NaN,NaN,NaN,0,0,NaN,NaN,NaN,NaN,NaN,NaN,NaN,NaN,NaN
39056,N,0.000,0.279,0.000,0.04,0.00,0.00,0.00,1.06,98.90,0,0,NaN,NaN,NaN,NaN,NaN,NaN,NaN,NaN,NaN
39061,N,0.000,0.000,0.000,NaN,NaN,NaN,NaN,NaN,NaN,0,0,NaN,NaN,NaN,NaN,NaN,NaN,NaN,NaN,NaN
39065,Y,0.000,0.000,0.000,NaN,NaN,NaN,NaN,NaN,NaN,0,0,NaN,NaN,NaN,NaN,NaN,NaN,NaN,NaN,NaN
39069,N,0.026,0.000,0.288,0.01,0.00,0.00,0.00,99.99,0.00,0,0,NaN,NaN,NaN,NaN,NaN,NaN,NaN,NaN,NaN
39072,N,0.082,0.076,0.106,9.87,0.58,23.00,0.42,3.17,62.97,2,7560,0.00,0.00,0.00,100.00,0.00,0.00,0.00,1967,1977
39078,N,0.000,0.090,0.049,0.65,0.00,0.00,0.00,12.04,87.31,0,0,NaN,NaN,NaN,NaN,NaN,NaN,NaN,NaN,NaN
39081,N,0.008,0.015,0.044,2.66,0.00,31.96,0.00,1.25,64.12,0,0,NaN,NaN,NaN,NaN,NaN,NaN,NaN,NaN,NaN
39087,N,0.000,0.000,0.588,NaN,NaN,NaN,NaN,NaN,NaN,0,0,NaN,NaN,NaN,NaN,NaN,NaN,NaN,NaN,NaN
39088,N,0.072,0.220,0.113,25.19,0.00,0.00,0.00,0.96,73.85,0,0,NaN,NaN,NaN,NaN,NaN,NaN,NaN,NaN,NaN
39095,N,0.000,0.002,0.000,0.00,0.00,4.78,0.00,95.22,0.00,0,0,NaN,NaN,NaN,NaN,NaN,NaN,NaN,NaN,NaN
39099,N,0.000,0.000,0.000,NaN,NaN,NaN,NaN,NaN,NaN,0,0,NaN,NaN,NaN,NaN,NaN,NaN,NaN,NaN,NaN
39101,Y,0.000,0.000,0.001,NaN,NaN,NaN,NaN,NaN,NaN,0,0,NaN,NaN,NaN,NaN,NaN,NaN,NaN,NaN,NaN
39105,N,0.000,0.016,0.084,1.44,0.00,0.00,1.64,79.35,17.57,0,0,NaN,NaN,NaN,NaN,NaN,NaN,NaN,NaN,NaN
39108,N,0.259,0.000,0.000,14.09,0.00,85.91,0.00,0.00,0.00,0,0,NaN,NaN,NaN,NaN,NaN,NaN,NaN,NaN,NaN
39114,N,0.000,0.023,0.012,0.00,0.00,0.00,51.67,48.33,0.00,0,0,NaN,NaN,NaN,NaN,NaN,NaN,NaN,NaN,NaN
39120,N,0.000,0.014,0.000,9.49,0.00,0.00,0.00,87.36,3.15,0,0,NaN,NaN,NaN,NaN,NaN,NaN,NaN,NaN,NaN
39125,N,0.000,0.191,0.040,1.47,0.00,0.00,0.00,0.00,98.53,0,0,NaN,NaN,NaN,NaN,NaN,NaN,NaN,NaN,NaN
39127,N,0.000,0.139,0.000,0.00,0.00,0.00,0.00,0.00,100.00,0,0,NaN,NaN,NaN,NaN,NaN,NaN,NaN,NaN,NaN
39141,N,0.051,0.119,0.069,15.40,0.04,10.22,0.00,4.57,69.77,0,0,NaN,NaN,NaN,NaN,NaN,NaN,NaN,NaN,NaN
39142,N,0.000,0.055,0.001,0.22,0.00,0.00,0.00,0.06,99.72,0,0,NaN,NaN,NaN,NaN,NaN,NaN,NaN,NaN,NaN
39143,N,0.022,0.031,0.042,41.98,0.00,0.00,0.00,0.01,58.01,0,0,NaN,NaN,NaN,NaN,NaN,NaN,NaN,NaN,NaN
39144,N,0.002,0.000,0.017,21.37,0.00,0.00,0.00,2.78,75.84,0,0,NaN,NaN,NaN,NaN,NaN,NaN,NaN,NaN,NaN
40003,N,0.093,0.031,0.067,1.28,0.03,0.00,0.11,1.42,97.16,4,52621,0.00,0.00,0.00,89.40,10.60,0.00,0.00,1954,1982
40004,N,0.104,0.036,0.016,0.22,0.00,0.00,0.00,0.00,99.78,1,4730,0.00,0.00,0.00,100.00,0.00,0.00,0.00,1949,1949
40005,Y,0.002,0.000,0.024,97.40,0.45,0.00,0.00,2.09,0.06,0,0,NaN,NaN,NaN,NaN,NaN,NaN,NaN,NaN,NaN
40006,N,0.017,0.056,0.000,23.72,0.00,0.00,0.00,0.00,76.28,0,0,NaN,NaN,NaN,NaN,NaN,NaN,NaN,NaN,NaN
40007,N,0.041,0.022,0.091,0.09,0.00,0.00,0.00,0.15,99.76,1,5623,0.00,0.00,0.00,100.00,0.00,0.00,0.00,1954,1954
40009,N,0.332,0.061,0.011,0.07,0.09,0.00,0.00,0.02,99.82,1,31400,0.00,0.00,0.00,100.00,0.00,0.00,0.00,1975,1975
40010,N,0.213,0.031,0.085,0.21,0.00,0.00,0.00,0.21,99.57,1,10018,0.00,0.00,0.00,100.00,0.00,0.00,0.00,1968,1968
40011,Y,0.003,0.113,0.081,2.36,0.02,0.00,26.30,4.82,66.51,0,0,NaN,NaN,NaN,NaN,NaN,NaN,NaN,NaN,NaN
40012,N,0.001,0.222,0.000,0.51,0.00,0.00,3.07,4.21,92.21,0,0,NaN,NaN,NaN,NaN,NaN,NaN,NaN,NaN,NaN
40013,N,0.000,0.263,0.000,0.00,0.00,0.00,0.00,6.50,93.50,0,0,NaN,NaN,NaN,NaN,NaN,NaN,NaN,NaN,NaN
40016,N,0.002,0.367,0.000,0.71,0.02,0.19,0.00,3.36,95.73,0,0,NaN,NaN,NaN,NaN,NaN,NaN,NaN,NaN,NaN
40017,N,0.000,0.000,0.006,NaN,NaN,NaN,NaN,NaN,NaN,0,0,NaN,NaN,NaN,NaN,NaN,NaN,NaN,NaN,NaN
40018,N,0.002,0.241,0.000,0.68,0.00,0.00,0.00,5.66,93.66,0,0,NaN,NaN,NaN,NaN,NaN,NaN,NaN,NaN,NaN
4001,N,NaN,NaN,NaN,NaN,NaN,NaN,NaN,NaN,NaN,7,524270,98.91,0.00,0.00,0.00,0.00,0.00,1.09,1954,1957
40020,N,0.000,0.093,0.127,0.06,0.00,0.00,0.00,0.18,99.76,0,0,NaN,NaN,NaN,NaN,NaN,NaN,NaN,NaN,NaN
40021,N,0.000,0.000,0.028,NaN,NaN,NaN,NaN,NaN,NaN,0,0,NaN,NaN,NaN,NaN,NaN,NaN,NaN,NaN,NaN
40022,N,0.001,0.066,0.026,0.86,0.00,0.00,0.00,0.00,99.14,0,0,NaN,NaN,NaN,NaN,NaN,NaN,NaN,NaN,NaN
40033,N,0.000,0.257,0.000,0.00,0.00,0.00,0.00,0.00,100.00,0,0,NaN,NaN,NaN,NaN,NaN,NaN,NaN,NaN,NaN
4003,N,NaN,NaN,NaN,NaN,NaN,NaN,NaN,NaN,NaN,0,0,NaN,NaN,NaN,NaN,NaN,NaN,NaN,NaN,NaN
4005,Y,NaN,NaN,NaN,NaN,NaN,NaN,NaN,NaN,NaN,0,0,NaN,NaN,NaN,NaN,NaN,NaN,NaN,NaN,NaN
4006,N,NaN,NaN,NaN,NaN,NaN,NaN,NaN,NaN,NaN,0,0,NaN,NaN,NaN,NaN,NaN,NaN,NaN,NaN,NaN
41001,N,0.000,0.000,0.031,NaN,NaN,NaN,NaN,NaN,NaN,0,0,NaN,NaN,NaN,NaN,NaN,NaN,NaN,NaN,NaN
41003,N,0.109,0.000,0.029,0.07,0.00,0.00,0.00,0.00,99.93,1,3546,0.00,0.00,0.00,100.00,0.00,0.00,0.00,1971,1971
41004,N,0.042,0.004,0.050,2.60,0.00,0.00,0.00,1.09,96.32,1,5206,0.00,0.00,0.00,100.00,0.00,0.00,0.00,1979,1979
41005,N,0.008,0.004,0.073,13.01,0.00,0.00,0.00,0.39,86.60,1,5206,0.00,0.00,0.00,100.00,0.00,0.00,0.00,1979,1979
41006,N,0.000,0.005,0.055,4.34,0.00,0.00,0.00,27.73,67.93,0,0,NaN,NaN,NaN,NaN,NaN,NaN,NaN,NaN,NaN
41009,N,0.024,0.015,0.036,60.94,0.15,0.00,0.00,5.50,33.42,0,0,NaN,NaN,NaN,NaN,NaN,NaN,NaN,NaN,NaN
41011,N,0.027,0.007,0.050,80.11,0.00,0.00,0.00,0.27,19.61,0,0,NaN,NaN,NaN,NaN,NaN,NaN,NaN,NaN,NaN
41012,N,0.005,0.018,0.018,22.37,0.00,0.00,0.00,0.00,77.63,0,0,NaN,NaN,NaN,NaN,NaN,NaN,NaN,NaN,NaN
41013,N,0.000,0.000,0.000,NaN,NaN,NaN,NaN,NaN,NaN,0,0,NaN,NaN,NaN,NaN,NaN,NaN,NaN,NaN,NaN
41014,N,0.000,0.000,0.054,NaN,NaN,NaN,NaN,NaN,NaN,0,0,NaN,NaN,NaN,NaN,NaN,NaN,NaN,NaN,NaN
41016,N,0.000,0.000,0.000,NaN,NaN,NaN,NaN,NaN,NaN,0,0,NaN,NaN,NaN,NaN,NaN,NaN,NaN,NaN,NaN
41019,N,0.000,0.000,0.105,NaN,NaN,NaN,NaN,NaN,NaN,0,0,NaN,NaN,NaN,NaN,NaN,NaN,NaN,NaN,NaN
41020,N,0.000,0.003,0.037,99.31,0.00,0.00,0.00,0.69,0.00,0,0,NaN,NaN,NaN,NaN,NaN,NaN,NaN,NaN,NaN
41022,Y,0.002,0.000,0.011,100.00,0.00,0.00,0.00,0.00,0.00,0,0,NaN,NaN,NaN,NaN,NaN,NaN,NaN,NaN,NaN
41023,N,0.000,0.200,0.021,0.05,0.14,0.00,0.00,0.00,99.81,0,0,NaN,NaN,NaN,NaN,NaN,NaN,NaN,NaN,NaN
41025,Y,0.002,0.000,0.023,10.89,0.00,0.00,0.00,0.01,89.10,0,0,NaN,NaN,NaN,NaN,NaN,NaN,NaN,NaN,NaN
41027,Y,0.001,0.023,0.000,4.12,0.00,0.00,0.00,0.00,95.88,0,0,NaN,NaN,NaN,NaN,NaN,NaN,NaN,NaN,NaN
41028,N,0.000,0.000,0.051,NaN,NaN,NaN,NaN,NaN,NaN,0,0,NaN,NaN,NaN,NaN,NaN,NaN,NaN,NaN,NaN
41029,Y,0.000,0.000,0.005,NaN,NaN,NaN,NaN,NaN,NaN,0,0,NaN,NaN,NaN,NaN,NaN,NaN,NaN,NaN,NaN
42001,N,0.004,0.149,0.003,2.79,0.00,0.00,0.00,0.29,96.92,0,0,NaN,NaN,NaN,NaN,NaN,NaN,NaN,NaN,NaN
42003,Y,0.000,0.000,0.016,NaN,NaN,NaN,NaN,NaN,NaN,0,0,NaN,NaN,NaN,NaN,NaN,NaN,NaN,NaN,NaN
42004,N,0.702,0.106,0.017,94.50,0.00,0.00,0.91,1.70,2.89,0,0,NaN,NaN,NaN,NaN,NaN,NaN,NaN,NaN,NaN
42006,N,0.000,0.311,0.003,57.39,0.00,0.00,0.00,0.00,42.61,0,0,NaN,NaN,NaN,NaN,NaN,NaN,NaN,NaN,NaN
42008,Y,0.244,0.091,0.013,99.68,0.00,0.00,0.00,0.04,0.28,0,0,NaN,NaN,NaN,NaN,NaN,NaN,NaN,NaN,NaN
42010,Y,0.714,0.560,0.046,66.65,0.00,0.46,9.92,0.02,22.95,0,0,NaN,NaN,NaN,NaN,NaN,NaN,NaN,NaN,NaN
42011,N,0.000,0.068,0.070,0.69,0.00,0.00,0.00,0.08,99.23,0,0,NaN,NaN,NaN,NaN,NaN,NaN,NaN,NaN,NaN
42016,Y,0.886,0.315,0.004,98.81,0.00,0.70,0.23,0.00,0.25,0,0,NaN,NaN,NaN,NaN,NaN,NaN,NaN,NaN,NaN
42017,N,0.000,0.000,0.000,NaN,NaN,NaN,NaN,NaN,NaN,0,0,NaN,NaN,NaN,NaN,NaN,NaN,NaN,NaN,NaN
42024,N,0.052,0.138,0.014,67.82,0.00,0.00,7.11,14.82,10.25,0,0,NaN,NaN,NaN,NaN,NaN,NaN,NaN,NaN,NaN
42026,N,0.000,0.007,0.000,11.04,0.00,0.00,2.91,0.19,85.86,0,0,NaN,NaN,NaN,NaN,NaN,NaN,NaN,NaN,NaN
42027,N,0.052,0.076,0.021,99.87,0.00,0.00,0.00,0.00,0.13,0,0,NaN,NaN,NaN,NaN,NaN,NaN,NaN,NaN,NaN
43005,N,0.065,0.022,0.021,77.14,0.00,0.00,0.00,0.00,22.86,0,0,NaN,NaN,NaN,NaN,NaN,NaN,NaN,NaN,NaN
43006,N,0.052,0.030,0.010,58.80,1.21,11.88,0.00,0.15,27.96,0,0,NaN,NaN,NaN,NaN,NaN,NaN,NaN,NaN,NaN
43007,N,0.059,0.058,0.038,33.87,0.49,9.52,0.00,0.84,55.28,0,0,NaN,NaN,NaN,NaN,NaN,NaN,NaN,NaN,NaN
43008,N,0.031,0.062,0.015,62.27,0.24,0.00,0.00,0.05,37.44,0,0,NaN,NaN,NaN,NaN,NaN,NaN,NaN,NaN,NaN
43009,N,0.050,0.008,0.026,54.02,1.73,36.56,0.00,0.21,7.48,0,0,NaN,NaN,NaN,NaN,NaN,NaN,NaN,NaN,NaN
43014,Y,0.199,0.007,0.024,99.93,0.00,0.00,0.00,0.00,0.07,0,0,NaN,NaN,NaN,NaN,NaN,NaN,NaN,NaN,NaN
43017,N,0.000,0.031,0.009,5.16,0.00,0.00,0.00,0.00,94.84,0,0,NaN,NaN,NaN,NaN,NaN,NaN,NaN,NaN,NaN
43018,N,0.084,0.077,0.001,58.53,0.00,0.07,0.00,0.00,41.39,0,0,NaN,NaN,NaN,NaN,NaN,NaN,NaN,NaN,NaN
43021,N,0.230,0.047,0.031,80.97,0.07,0.49,0.00,0.15,18.32,0,0,NaN,NaN,NaN,NaN,NaN,NaN,NaN,NaN,NaN
44001,N,0.124,0.100,0.034,58.74,1.25,15.71,0.00,3.49,20.81,0,0,NaN,NaN,NaN,NaN,NaN,NaN,NaN,NaN,NaN
44002,N,0.044,0.207,0.004,65.97,0.13,0.00,5.28,0.48,28.14,0,0,NaN,NaN,NaN,NaN,NaN,NaN,NaN,NaN,NaN
44006,Y,0.000,0.003,0.000,100.00,0.00,0.00,0.00,0.00,0.00,0,0,NaN,NaN,NaN,NaN,NaN,NaN,NaN,NaN,NaN
44009,Y,0.834,0.586,0.000,0.12,1.77,56.98,0.00,0.00,41.13,0,0,NaN,NaN,NaN,NaN,NaN,NaN,NaN,NaN,NaN
44011,N,0.000,0.000,0.000,NaN,NaN,NaN,NaN,NaN,NaN,0,0,NaN,NaN,NaN,NaN,NaN,NaN,NaN,NaN,NaN
45001,N,0.100,0.000,0.016,8.76,4.20,27.71,0.00,3.35,55.98,1,21541,0.00,0.00,0.00,100.00,0.00,0.00,0.00,1979,1979
45003,N,0.085,0.014,0.031,18.54,0.00,58.53,0.00,21.45,1.47,0,0,NaN,NaN,NaN,NaN,NaN,NaN,NaN,NaN,NaN
45004,N,0.026,0.007,0.013,1.49,2.72,76.32,0.00,0.84,18.63,0,0,NaN,NaN,NaN,NaN,NaN,NaN,NaN,NaN,NaN
45005,Y,0.003,0.038,0.029,1.83,0.00,0.00,0.00,0.11,98.06,0,0,NaN,NaN,NaN,NaN,NaN,NaN,NaN,NaN,NaN
45009,N,0.223,0.000,0.002,0.00,0.00,49.37,0.00,0.00,50.63,1,21541,0.00,0.00,0.00,100.00,0.00,0.00,0.00,1979,1979
45012,N,0.001,0.002,0.019,15.16,39.72,0.00,0.00,44.76,0.36,0,0,NaN,NaN,NaN,NaN,NaN,NaN,NaN,NaN,NaN
46003,Y,0.362,0.000,0.017,0.00,4.11,76.91,0.00,0.91,18.06,0,0,NaN,NaN,NaN,NaN,NaN,NaN,NaN,NaN,NaN
46005,Y,0.000,0.000,0.000,NaN,NaN,NaN,NaN,NaN,NaN,0,0,NaN,NaN,NaN,NaN,NaN,NaN,NaN,NaN,NaN
46008,N,0.193,0.000,0.012,0.82,0.00,55.80,0.00,0.00,43.38,0,0,NaN,NaN,NaN,NaN,NaN,NaN,NaN,NaN,NaN
46014,N,0.329,0.000,0.009,0.97,0.27,77.65,0.00,0.02,21.09,1,1727,0.00,0.00,0.00,100.00,0.00,0.00,0.00,1942,1942
47001,N,0.052,0.002,0.008,4.62,0.00,22.14,0.00,21.94,51.30,1,36910,0.00,0.00,0.00,100.00,0.00,0.00,0.00,1989,1989
47004,N,0.064,0.000,0.024,0.01,0.00,48.80,0.00,0.00,51.19,0,0,NaN,NaN,NaN,NaN,NaN,NaN,NaN,NaN,NaN
47005,N,0.000,0.000,0.001,NaN,NaN,NaN,NaN,NaN,NaN,0,0,NaN,NaN,NaN,NaN,NaN,NaN,NaN,NaN,NaN
47008,N,0.180,0.000,0.000,0.01,0.00,0.00,0.00,0.03,99.96,1,36910,0.00,0.00,0.00,100.00,0.00,0.00,0.00,1989,1989
47009,Y,0.000,0.000,0.002,NaN,NaN,NaN,NaN,NaN,NaN,0,0,NaN,NaN,NaN,NaN,NaN,NaN,NaN,NaN,NaN
47011,N,0.798,0.000,0.006,0.00,0.00,0.00,0.00,2.63,97.37,1,4464,0.00,0.00,0.00,100.00,0.00,0.00,0.00,1898,1898
47014,N,0.010,0.000,0.034,0.00,0.00,100.00,0.00,0.00,0.00,0,0,NaN,NaN,NaN,NaN,NaN,NaN,NaN,NaN,NaN
47018,N,0.000,0.000,0.000,NaN,NaN,NaN,NaN,NaN,NaN,0,0,NaN,NaN,NaN,NaN,NaN,NaN,NaN,NaN,NaN
48003,Y,0.053,0.010,0.032,0.01,0.00,0.00,0.00,99.99,0.00,0,0,NaN,NaN,NaN,NaN,NaN,NaN,NaN,NaN,NaN
48004,Y,0.000,0.000,0.000,NaN,NaN,NaN,NaN,NaN,NaN,0,0,NaN,NaN,NaN,NaN,NaN,NaN,NaN,NaN,NaN
48005,N,0.000,0.000,0.000,NaN,NaN,NaN,NaN,NaN,NaN,0,0,NaN,NaN,NaN,NaN,NaN,NaN,NaN,NaN,NaN
48011,N,0.410,0.007,0.001,0.02,2.83,0.00,0.00,0.02,97.13,2,32464,0.00,0.00,0.00,100.00,0.00,0.00,0.00,1969,1983
49001,N,0.132,0.002,0.026,0.01,0.00,66.02,0.03,0.50,33.44,0,0,NaN,NaN,NaN,NaN,NaN,NaN,NaN,NaN,NaN
49002,N,0.000,0.000,0.001,NaN,NaN,NaN,NaN,NaN,NaN,0,0,NaN,NaN,NaN,NaN,NaN,NaN,NaN,NaN,NaN
49004,Y,0.000,0.000,0.008,NaN,NaN,NaN,NaN,NaN,NaN,0,0,NaN,NaN,NaN,NaN,NaN,NaN,NaN,NaN,NaN
50001,N,0.009,0.002,0.006,30.83,9.37,14.01,0.00,18.46,27.33,0,0,NaN,NaN,NaN,NaN,NaN,NaN,NaN,NaN,NaN
50002,Y,0.027,0.000,0.007,0.08,15.12,0.00,0.00,0.18,84.63,1,3170,0.00,0.00,0.00,100.00,0.00,0.00,0.00,1972,1972
50006,N,0.018,0.000,0.006,45.66,13.94,0.00,0.00,0.00,40.40,0,0,NaN,NaN,NaN,NaN,NaN,NaN,NaN,NaN,NaN
50007,N,0.018,0.023,0.017,0.00,0.00,43.28,0.00,56.72,0.00,0,0,NaN,NaN,NaN,NaN,NaN,NaN,NaN,NaN,NaN
50008,N,0.000,0.000,0.001,NaN,NaN,NaN,NaN,NaN,NaN,0,0,NaN,NaN,NaN,NaN,NaN,NaN,NaN,NaN,NaN
50011,N,0.221,0.000,0.031,0.00,15.13,0.00,0.00,0.17,84.71,1,3170,0.00,0.00,0.00,100.00,0.00,0.00,0.00,1972,1972
5003,N,NaN,NaN,NaN,NaN,NaN,NaN,NaN,NaN,NaN,2,250500,100.00,0.00,0.00,0.00,0.00,0.00,0.00,1951,1951
51001,N,0.000,0.000,0.002,NaN,NaN,NaN,NaN,NaN,NaN,0,0,NaN,NaN,NaN,NaN,NaN,NaN,NaN,NaN,NaN
52004,N,0.017,0.045,0.089,4.77,0.00,23.81,0.00,1.73,69.70,0,0,NaN,NaN,NaN,NaN,NaN,NaN,NaN,NaN,NaN
52005,N,0.119,0.001,0.011,1.07,0.00,0.00,0.00,8.79,90.14,1,5364,0.00,0.00,0.00,100.00,0.00,0.00,0.00,1958,1958
52006,N,0.037,0.053,0.093,0.28,0.00,0.00,0.00,12.14,87.58,1,2600,0.00,0.00,0.00,100.00,0.00,0.00,0.00,1955,1955
52007,N,0.001,0.001,0.053,75.25,24.39,0.00,0.00,0.35,0.00,0,0,NaN,NaN,NaN,NaN,NaN,NaN,NaN,NaN,NaN
52009,N,0.000,0.045,0.166,0.78,0.00,0.00,0.00,85.24,13.98,0,0,NaN,NaN,NaN,NaN,NaN,NaN,NaN,NaN,NaN
52010,Y,0.146,0.009,0.017,2.27,21.28,73.10,0.00,2.02,1.32,0,0,NaN,NaN,NaN,NaN,NaN,NaN,NaN,NaN,NaN
52011,N,0.000,0.000,0.011,NaN,NaN,NaN,NaN,NaN,NaN,0,0,NaN,NaN,NaN,NaN,NaN,NaN,NaN,NaN,NaN
52015,N,0.042,0.000,0.000,0.00,0.00,0.00,0.00,0.00,100.00,2,402,0.00,0.00,0.00,100.00,0.00,0.00,0.00,1850,1850
52016,Y,0.000,0.000,0.000,NaN,NaN,NaN,NaN,NaN,NaN,0,0,NaN,NaN,NaN,NaN,NaN,NaN,NaN,NaN,NaN
53005,N,0.008,0.000,0.091,0.31,0.00,0.00,0.00,4.31,95.38,0,0,NaN,NaN,NaN,NaN,NaN,NaN,NaN,NaN,NaN
53006,Y,0.000,0.000,0.000,NaN,NaN,NaN,NaN,NaN,NaN,0,0,NaN,NaN,NaN,NaN,NaN,NaN,NaN,NaN,NaN
53007,N,0.043,0.062,0.043,0.31,0.00,20.63,0.00,9.96,69.11,0,0,NaN,NaN,NaN,NaN,NaN,NaN,NaN,NaN,NaN
53008,Y,0.000,0.118,0.020,0.66,0.00,0.14,7.84,0.51,90.85,0,0,NaN,NaN,NaN,NaN,NaN,NaN,NaN,NaN,NaN
53009,Y,0.000,0.000,0.112,NaN,NaN,NaN,NaN,NaN,NaN,0,0,NaN,NaN,NaN,NaN,NaN,NaN,NaN,NaN,NaN
53013,N,0.009,0.008,0.079,2.76,0.00,0.00,0.00,3.96,93.28,0,0,NaN,NaN,NaN,NaN,NaN,NaN,NaN,NaN,NaN
53017,Y,0.000,0.000,0.027,NaN,NaN,NaN,NaN,NaN,NaN,0,0,NaN,NaN,NaN,NaN,NaN,NaN,NaN,NaN,NaN
53018,N,0.034,0.051,0.066,1.34,0.21,14.68,2.12,19.41,62.24,0,0,NaN,NaN,NaN,NaN,NaN,NaN,NaN,NaN,NaN
53022,N,0.037,0.049,0.064,1.28,0.20,13.95,2.01,19.09,63.48,0,0,NaN,NaN,NaN,NaN,NaN,NaN,NaN,NaN,NaN
53023,N,0.000,0.021,0.009,0.00,0.00,0.00,25.19,0.00,74.81,0,0,NaN,NaN,NaN,NaN,NaN,NaN,NaN,NaN,NaN
53028,N,0.010,0.000,0.021,2.55,0.00,79.21,0.00,0.44,17.80,0,0,NaN,NaN,NaN,NaN,NaN,NaN,NaN,NaN,NaN
54001,N,0.060,0.034,0.023,3.31,0.15,3.77,0.44,3.15,89.19,3,111743,0.00,0.00,0.00,100.00,0.00,0.00,0.00,1888,1967
54002,N,0.026,0.019,0.128,2.64,0.01,1.52,0.07,6.30,89.46,1,22730,0.00,0.00,0.00,100.00,0.00,0.00,0.00,1969,1969
54003,N,NaN,NaN,NaN,NaN,NaN,NaN,NaN,NaN,NaN,1,59852,0.00,0.00,0.00,100.00,0.00,0.00,0.00,1888,1888
54004,N,0.003,0.085,0.499,0.03,0.01,0.03,0.00,11.73,88.20,0,0,NaN,NaN,NaN,NaN,NaN,NaN,NaN,NaN,NaN
54005,N,0.000,0.004,0.004,8.98,0.00,0.00,0.30,1.95,88.77,2,108680,0.00,0.00,0.00,100.00,0.00,0.00,0.00,1888,1967
54007,N,0.001,0.022,0.120,1.75,0.08,0.00,0.76,1.48,95.94,0,0,NaN,NaN,NaN,NaN,NaN,NaN,NaN,NaN,NaN
54008,Y,0.040,0.002,0.008,0.79,0.00,93.33,0.00,1.88,4.00,0,0,NaN,NaN,NaN,NaN,NaN,NaN,NaN,NaN,NaN
54011,N,0.001,0.182,0.075,1.11,0.04,0.00,0.74,0.14,97.97,0,0,NaN,NaN,NaN,NaN,NaN,NaN,NaN,NaN,NaN
54012,N,0.007,0.069,0.039,9.37,0.94,0.00,1.51,15.76,72.43,0,0,NaN,NaN,NaN,NaN,NaN,NaN,NaN,NaN,NaN
54015,N,0.000,0.036,0.034,0.59,0.01,0.00,8.82,1.27,89.31,0,0,NaN,NaN,NaN,NaN,NaN,NaN,NaN,NaN,NaN
54016,N,0.001,0.032,0.013,10.06,0.00,0.00,2.47,1.80,85.67,0,0,NaN,NaN,NaN,NaN,NaN,NaN,NaN,NaN,NaN
54017,N,0.001,0.036,0.022,4.74,0.00,0.00,0.00,1.35,93.91,0,0,NaN,NaN,NaN,NaN,NaN,NaN,NaN,NaN,NaN
54018,Y,0.000,0.000,0.008,NaN,NaN,NaN,NaN,NaN,NaN,0,0,NaN,NaN,NaN,NaN,NaN,NaN,NaN,NaN,NaN
54019,N,0.025,0.004,0.091,2.76,0.00,0.00,0.00,15.59,81.64,0,0,NaN,NaN,NaN,NaN,NaN,NaN,NaN,NaN,NaN
54020,N,0.002,0.048,0.024,6.07,0.00,0.00,2.25,0.44,91.25,0,0,NaN,NaN,NaN,NaN,NaN,NaN,NaN,NaN,NaN
54022,N,NaN,NaN,NaN,NaN,NaN,NaN,NaN,NaN,NaN,0,0,NaN,NaN,NaN,NaN,NaN,NaN,NaN,NaN,NaN
54024,N,0.006,0.205,0.030,5.08,0.00,0.00,0.16,0.55,94.21,0,0,NaN,NaN,NaN,NaN,NaN,NaN,NaN,NaN,NaN
54025,Y,NaN,NaN,NaN,NaN,NaN,NaN,NaN,NaN,NaN,0,0,NaN,NaN,NaN,NaN,NaN,NaN,NaN,NaN,NaN
54027,N,0.055,0.000,0.002,13.96,0.00,17.45,0.00,5.46,63.13,0,0,NaN,NaN,NaN,NaN,NaN,NaN,NaN,NaN,NaN
54028,N,0.000,0.000,NaN,NaN,NaN,NaN,NaN,NaN,NaN,1,59852,0.00,0.00,0.00,100.00,0.00,0.00,0.00,1888,1888
54029,N,0.041,0.001,0.008,0.71,0.05,87.90,0.00,1.46,9.87,0,0,NaN,NaN,NaN,NaN,NaN,NaN,NaN,NaN,NaN
54032,N,0.066,0.047,0.043,2.30,0.09,9.08,0.26,2.19,86.08,3,111743,0.00,0.00,0.00,100.00,0.00,0.00,0.00,1888,1967
54034,Y,0.000,0.000,0.000,NaN,NaN,NaN,NaN,NaN,NaN,0,0,NaN,NaN,NaN,NaN,NaN,NaN,NaN,NaN,NaN
54036,Y,0.039,0.000,0.024,2.79,16.37,0.00,0.00,32.78,48.06,0,0,NaN,NaN,NaN,NaN,NaN,NaN,NaN,NaN,NaN
54038,N,0.000,0.000,0.000,NaN,NaN,NaN,NaN,NaN,NaN,0,0,NaN,NaN,NaN,NaN,NaN,NaN,NaN,NaN,NaN
54044,N,0.004,0.127,0.047,4.53,0.22,0.00,0.00,23.93,71.32,0,0,NaN,NaN,NaN,NaN,NaN,NaN,NaN,NaN,NaN
54048,N,0.002,0.000,0.017,0.43,0.00,0.00,0.00,99.57,0.00,0,0,NaN,NaN,NaN,NaN,NaN,NaN,NaN,NaN,NaN
54049,N,0.116,0.007,0.019,0.63,0.00,0.00,0.03,2.48,96.87,1,22730,0.00,0.00,0.00,100.00,0.00,0.00,0.00,1969,1969
54052,N,0.000,0.000,0.012,NaN,NaN,NaN,NaN,NaN,NaN,0,0,NaN,NaN,NaN,NaN,NaN,NaN,NaN,NaN,NaN
54057,N,0.062,0.037,0.062,2.27,0.13,8.81,0.28,2.53,85.98,4,134473,0.00,0.00,0.00,100.00,0.00,0.00,0.00,1888,1969
54060,N,0.000,0.032,0.000,51.41,0.00,0.00,48.44,0.00,0.16,0,0,NaN,NaN,NaN,NaN,NaN,NaN,NaN,NaN,NaN
54063,N,0.000,0.101,0.000,0.13,0.00,0.00,0.00,1.97,97.90,0,0,NaN,NaN,NaN,NaN,NaN,NaN,NaN,NaN,NaN
54080,N,NaN,NaN,NaN,NaN,NaN,NaN,NaN,NaN,NaN,1,48828,0.00,0.00,0.00,100.00,0.00,0.00,0.00,1967,1967
54095,N,0.008,0.025,0.020,7.22,0.50,0.00,1.40,10.32,80.57,2,108680,0.00,0.00,0.00,100.00,0.00,0.00,0.00,1888,1967
54096,N,0.004,0.188,0.012,3.06,0.05,0.01,0.00,0.00,96.88,0,0,NaN,NaN,NaN,NaN,NaN,NaN,NaN,NaN,NaN
55002,N,0.000,0.000,0.001,NaN,NaN,NaN,NaN,NaN,NaN,5,100692,NaN,NaN,NaN,NaN,NaN,NaN,NaN,1904,1952
55007,N,NaN,NaN,NaN,NaN,NaN,NaN,NaN,NaN,NaN,5,100692,NaN,NaN,NaN,NaN,NaN,NaN,NaN,1904,1952
55008,Y,NaN,NaN,NaN,NaN,NaN,NaN,NaN,NaN,NaN,0,0,NaN,NaN,NaN,NaN,NaN,NaN,NaN,NaN,NaN
55013,N,0.000,0.018,0.005,0.00,0.00,0.00,0.00,1.60,98.40,0,0,NaN,NaN,NaN,NaN,NaN,NaN,NaN,NaN,NaN
55014,Y,0.001,0.000,0.000,47.16,0.00,0.00,0.00,0.00,52.84,0,0,NaN,NaN,NaN,NaN,NaN,NaN,NaN,NaN,NaN
55016,Y,NaN,NaN,NaN,NaN,NaN,NaN,NaN,NaN,NaN,0,0,NaN,NaN,NaN,NaN,NaN,NaN,NaN,NaN,NaN
55018,N,0.000,0.000,0.007,NaN,NaN,NaN,NaN,NaN,NaN,0,0,NaN,NaN,NaN,NaN,NaN,NaN,NaN,NaN,NaN
55021,N,0.000,0.000,0.003,NaN,NaN,NaN,NaN,NaN,NaN,0,0,NaN,NaN,NaN,NaN,NaN,NaN,NaN,NaN,NaN
55023,N,0.016,0.003,0.015,3.27,0.04,2.65,0.00,12.66,81.37,5,100692,NaN,NaN,NaN,NaN,NaN,NaN,NaN,1904,1952
55025,N,NaN,NaN,NaN,NaN,NaN,NaN,NaN,NaN,NaN,0,0,NaN,NaN,NaN,NaN,NaN,NaN,NaN,NaN,NaN
55026,Y,NaN,NaN,NaN,NaN,NaN,NaN,NaN,NaN,NaN,0,0,NaN,NaN,NaN,NaN,NaN,NaN,NaN,NaN,NaN
55029,Y,0.000,0.007,0.003,4.46,0.01,0.00,0.00,0.08,95.45,0,0,NaN,NaN,NaN,NaN,NaN,NaN,NaN,NaN,NaN
55032,N,NaN,NaN,NaN,NaN,NaN,NaN,NaN,NaN,NaN,5,100692,NaN,NaN,NaN,NaN,NaN,NaN,NaN,1904,1952
56001,N,NaN,NaN,NaN,NaN,NaN,NaN,NaN,NaN,NaN,3,27183,0.00,0.00,0.00,100.00,0.00,0.00,0.00,1906,1955
56002,N,NaN,NaN,NaN,NaN,NaN,NaN,NaN,NaN,NaN,0,0,NaN,NaN,NaN,NaN,NaN,NaN,NaN,NaN,NaN
56007,N,NaN,NaN,NaN,NaN,NaN,NaN,NaN,NaN,NaN,0,0,NaN,NaN,NaN,NaN,NaN,NaN,NaN,NaN,NaN
56012,N,NaN,NaN,NaN,NaN,NaN,NaN,NaN,NaN,NaN,0,0,NaN,NaN,NaN,NaN,NaN,NaN,NaN,NaN,NaN
56013,Y,NaN,NaN,NaN,NaN,NaN,NaN,NaN,NaN,NaN,0,0,NaN,NaN,NaN,NaN,NaN,NaN,NaN,NaN,NaN
57004,Y,NaN,NaN,NaN,NaN,NaN,NaN,NaN,NaN,NaN,0,0,NaN,NaN,NaN,NaN,NaN,NaN,NaN,NaN,NaN
57005,N,NaN,NaN,NaN,NaN,NaN,NaN,NaN,NaN,NaN,4,16088,0.00,0.00,0.00,100.00,0.00,0.00,0.00,1892,1927
57006,N,NaN,NaN,NaN,NaN,NaN,NaN,NaN,NaN,NaN,0,0,NaN,NaN,NaN,NaN,NaN,NaN,NaN,NaN,NaN
57007,N,NaN,NaN,NaN,NaN,NaN,NaN,NaN,NaN,NaN,4,16088,0.00,0.00,0.00,100.00,0.00,0.00,0.00,1892,1927
57008,N,NaN,NaN,NaN,NaN,NaN,NaN,NaN,NaN,NaN,0,0,NaN,NaN,NaN,NaN,NaN,NaN,NaN,NaN,NaN
57009,N,NaN,NaN,NaN,NaN,NaN,NaN,NaN,NaN,NaN,0,0,NaN,NaN,NaN,NaN,NaN,NaN,NaN,NaN,NaN
58001,N,NaN,NaN,NaN,NaN,NaN,NaN,NaN,NaN,NaN,0,0,NaN,NaN,NaN,NaN,NaN,NaN,NaN,NaN,NaN
58002,N,NaN,NaN,NaN,NaN,NaN,NaN,NaN,NaN,NaN,1,3277,0.00,0.00,0.00,100.00,0.00,0.00,0.00,1914,1914
58006,N,NaN,NaN,NaN,NaN,NaN,NaN,NaN,NaN,NaN,1,3277,0.00,0.00,0.00,100.00,0.00,0.00,0.00,1914,1914
58008,N,NaN,NaN,NaN,NaN,NaN,NaN,NaN,NaN,NaN,0,0,NaN,NaN,NaN,NaN,NaN,NaN,NaN,NaN,NaN
58009,N,NaN,NaN,NaN,NaN,NaN,NaN,NaN,NaN,NaN,0,0,NaN,NaN,NaN,NaN,NaN,NaN,NaN,NaN,NaN
58010,N,NaN,NaN,NaN,NaN,NaN,NaN,NaN,NaN,NaN,0,0,NaN,NaN,NaN,NaN,NaN,NaN,NaN,NaN,NaN
58012,N,NaN,NaN,NaN,NaN,NaN,NaN,NaN,NaN,NaN,0,0,NaN,NaN,NaN,NaN,NaN,NaN,NaN,NaN,NaN
59001,N,NaN,NaN,NaN,NaN,NaN,NaN,NaN,NaN,NaN,0,0,NaN,NaN,NaN,NaN,NaN,NaN,NaN,NaN,NaN
60002,Y,NaN,NaN,NaN,NaN,NaN,NaN,NaN,NaN,NaN,0,0,NaN,NaN,NaN,NaN,NaN,NaN,NaN,NaN,NaN
60003,Y,NaN,NaN,NaN,NaN,NaN,NaN,NaN,NaN,NaN,0,0,NaN,NaN,NaN,NaN,NaN,NaN,NaN,NaN,NaN
60005,N,NaN,NaN,NaN,NaN,NaN,NaN,NaN,NaN,NaN,0,0,NaN,NaN,NaN,NaN,NaN,NaN,NaN,NaN,NaN
60006,N,NaN,NaN,NaN,NaN,NaN,NaN,NaN,NaN,NaN,0,0,NaN,NaN,NaN,NaN,NaN,NaN,NaN,NaN,NaN
60010,N,NaN,NaN,NaN,NaN,NaN,NaN,NaN,NaN,NaN,1,32882,0.00,0.00,0.00,100.00,0.00,0.00,0.00,1972,1972
60012,Y,NaN,NaN,NaN,NaN,NaN,NaN,NaN,NaN,NaN,0,0,NaN,NaN,NaN,NaN,NaN,NaN,NaN,NaN,NaN
6007,N,NaN,NaN,NaN,NaN,NaN,NaN,NaN,NaN,NaN,13,8181419,8.20,0.00,0.00,0.00,0.00,0.00,91.80,1955,1957
6008,N,NaN,NaN,NaN,NaN,NaN,NaN,NaN,NaN,NaN,0,0,NaN,NaN,NaN,NaN,NaN,NaN,NaN,NaN,NaN
61001,N,NaN,NaN,NaN,NaN,NaN,NaN,NaN,NaN,NaN,0,0,NaN,NaN,NaN,NaN,NaN,NaN,NaN,NaN,NaN
61002,N,NaN,NaN,NaN,NaN,NaN,NaN,NaN,NaN,NaN,0,0,NaN,NaN,NaN,NaN,NaN,NaN,NaN,NaN,NaN
62001,Y,NaN,NaN,NaN,NaN,NaN,NaN,NaN,NaN,NaN,0,0,NaN,NaN,NaN,NaN,NaN,NaN,NaN,NaN,NaN
63001,N,NaN,NaN,NaN,NaN,NaN,NaN,NaN,NaN,NaN,0,0,NaN,NaN,NaN,NaN,NaN,NaN,NaN,NaN,NaN
63004,N,NaN,NaN,NaN,NaN,NaN,NaN,NaN,NaN,NaN,0,0,NaN,NaN,NaN,NaN,NaN,NaN,NaN,NaN,NaN
64001,Y,NaN,NaN,NaN,NaN,NaN,NaN,NaN,NaN,NaN,0,0,NaN,NaN,NaN,NaN,NaN,NaN,NaN,NaN,NaN
64002,N,NaN,NaN,NaN,NaN,NaN,NaN,NaN,NaN,NaN,0,0,NaN,NaN,NaN,NaN,NaN,NaN,NaN,NaN,NaN
64006,N,NaN,NaN,NaN,NaN,NaN,NaN,NaN,NaN,NaN,0,0,NaN,NaN,NaN,NaN,NaN,NaN,NaN,NaN,NaN
65001,Y,NaN,NaN,NaN,NaN,NaN,NaN,NaN,NaN,NaN,0,0,NaN,NaN,NaN,NaN,NaN,NaN,NaN,NaN,NaN
65004,N,NaN,NaN,NaN,NaN,NaN,NaN,NaN,NaN,NaN,1,1687,0.00,0.00,0.00,100.00,0.00,0.00,0.00,1976,1976
65005,Y,NaN,NaN,NaN,NaN,NaN,NaN,NaN,NaN,NaN,0,0,NaN,NaN,NaN,NaN,NaN,NaN,NaN,NaN,NaN
65006,N,NaN,NaN,NaN,NaN,NaN,NaN,NaN,NaN,NaN,1,1870,100.00,0.00,0.00,0.00,0.00,0.00,0.00,1979,1979
65007,N,NaN,NaN,NaN,NaN,NaN,NaN,NaN,NaN,NaN,1,2902,0.00,0.00,0.00,100.00,0.00,0.00,0.00,1959,1959
65008,N,NaN,NaN,NaN,NaN,NaN,NaN,NaN,NaN,NaN,0,0,NaN,NaN,NaN,NaN,NaN,NaN,NaN,NaN,NaN
66001,N,NaN,NaN,NaN,NaN,NaN,NaN,NaN,NaN,NaN,0,0,NaN,NaN,NaN,NaN,NaN,NaN,NaN,NaN,NaN
66004,Y,NaN,NaN,NaN,NaN,NaN,NaN,NaN,NaN,NaN,0,0,NaN,NaN,NaN,NaN,NaN,NaN,NaN,NaN,NaN
66006,N,NaN,NaN,NaN,NaN,NaN,NaN,NaN,NaN,NaN,1,1777,0.00,0.00,0.00,100.00,0.00,0.00,0.00,1934,1934
66011,N,NaN,NaN,NaN,NaN,NaN,NaN,NaN,NaN,NaN,1,1776,0.00,0.00,0.00,100.00,0.00,0.00,0.00,1926,1926
67001,N,NaN,NaN,NaN,NaN,NaN,NaN,NaN,NaN,NaN,3,155198,0.00,4.82,0.00,95.18,0.00,0.00,0.00,1804,1965
67005,N,NaN,NaN,NaN,NaN,NaN,NaN,NaN,NaN,NaN,0,0,NaN,NaN,NaN,NaN,NaN,NaN,NaN,NaN,NaN
67006,N,NaN,NaN,NaN,NaN,NaN,NaN,NaN,NaN,NaN,2,69027,0.00,0.00,0.00,100.00,0.00,0.00,0.00,1921,1979
67008,N,NaN,NaN,NaN,NaN,NaN,NaN,NaN,NaN,NaN,0,0,NaN,NaN,NaN,NaN,NaN,NaN,NaN,NaN,NaN
67010,Y,NaN,NaN,NaN,NaN,NaN,NaN,NaN,NaN,NaN,0,0,NaN,NaN,NaN,NaN,NaN,NaN,NaN,NaN,NaN
67015,N,0.000,0.003,NaN,0.00,0.00,0.00,0.00,0.00,100.00,5,224225,0.00,3.34,0.00,96.66,0.00,0.00,0.00,1804,1979
67018,Y,NaN,NaN,NaN,NaN,NaN,NaN,NaN,NaN,NaN,0,0,NaN,NaN,NaN,NaN,NaN,NaN,NaN,NaN,NaN
67025,N,NaN,NaN,NaN,NaN,NaN,NaN,NaN,NaN,NaN,0,0,NaN,NaN,NaN,NaN,NaN,NaN,NaN,NaN,NaN
67033,N,0.193,0.005,0.002,0.09,0.00,0.00,0.00,0.11,99.80,5,224225,0.00,3.34,0.00,96.66,0.00,0.00,0.00,1804,1979
68001,N,0.059,0.031,0.067,0.81,0.56,0.00,0.00,17.10,81.53,0,0,NaN,NaN,NaN,NaN,NaN,NaN,NaN,NaN,NaN
68003,N,0.219,0.042,0.098,4.76,1.18,0.43,0.00,89.42,4.22,1,1224,0.00,100.00,0.00,0.00,0.00,0.00,0.00,1931,1931
68004,N,0.014,0.030,0.032,0.38,0.12,0.00,0.00,31.55,67.95,0,0,NaN,NaN,NaN,NaN,NaN,NaN,NaN,NaN,NaN
68005,Y,0.003,0.014,0.005,9.56,9.16,0.00,0.00,1.39,79.88,0,0,NaN,NaN,NaN,NaN,NaN,NaN,NaN,NaN,NaN
68020,N,0.011,0.058,0.018,0.55,15.51,0.00,0.14,0.21,83.59,0,0,NaN,NaN,NaN,NaN,NaN,NaN,NaN,NaN,NaN
69002,N,0.293,0.012,0.582,0.88,0.46,17.91,0.45,15.74,64.56,8,23973,0.00,0.00,0.00,89.70,0.00,0.00,0.00,1800,1971
69007,N,0.335,0.007,0.305,0.06,0.40,17.51,0.00,5.45,76.59,12,41912,0.00,0.00,0.00,100.00,0.00,0.00,0.00,1855,1967
69012,N,0.071,0.080,0.426,0.00,0.00,0.00,0.00,31.07,68.93,0,0,NaN,NaN,NaN,NaN,NaN,NaN,NaN,NaN,NaN
69015,N,0.493,0.006,0.110,0.00,0.00,0.00,0.00,2.17,97.83,5,18661,0.00,0.00,0.00,100.00,0.00,0.00,0.00,1855,1877
69017,N,0.375,0.008,0.078,0.09,1.27,18.71,0.00,7.09,72.84,3,11188,0.00,0.00,0.00,100.00,0.00,0.00,0.00,1912,1967
69023,N,0.320,0.011,0.405,0.65,0.00,8.83,0.00,26.23,64.29,3,9146,0.00,0.00,0.00,73.02,0.00,0.00,0.00,1800,1962
69027,N,0.334,0.002,0.643,0.00,0.00,0.00,0.00,8.25,91.75,1,5048,0.00,0.00,0.00,100.00,0.00,0.00,0.00,1966,1966
69030,N,0.062,0.027,0.015,1.42,0.00,0.00,0.00,68.95,29.63,0,0,NaN,NaN,NaN,NaN,NaN,NaN,NaN,NaN,NaN
69032,N,0.000,0.011,0.001,6.98,0.00,0.00,0.00,93.02,0.00,0,0,NaN,NaN,NaN,NaN,NaN,NaN,NaN,NaN,NaN
69043,N,0.001,0.011,0.862,0.00,0.00,0.00,0.00,100.00,0.00,1,2800,0.00,0.00,0.00,0.00,0.00,0.00,0.00,1955,1955
70002,N,0.209,0.001,0.167,1.17,0.00,0.00,0.23,3.47,95.13,3,13812,0.00,0.00,0.00,100.00,0.00,0.00,0.00,1857,1877
7001,Y,NaN,NaN,NaN,NaN,NaN,NaN,NaN,NaN,NaN,0,0,NaN,NaN,NaN,NaN,NaN,NaN,NaN,NaN,NaN
7002,N,NaN,NaN,NaN,NaN,NaN,NaN,NaN,NaN,NaN,0,0,NaN,NaN,NaN,NaN,NaN,NaN,NaN,NaN,NaN
7003,N,NaN,NaN,NaN,NaN,NaN,NaN,NaN,NaN,NaN,1,1920,0.00,0.00,0.00,0.00,0.00,0.00,100.00,NaN,NaN
7005,N,NaN,NaN,NaN,NaN,NaN,NaN,NaN,NaN,NaN,0,0,NaN,NaN,NaN,NaN,NaN,NaN,NaN,NaN,NaN
7006,N,NaN,NaN,NaN,NaN,NaN,NaN,NaN,NaN,NaN,0,0,NaN,NaN,NaN,NaN,NaN,NaN,NaN,NaN,NaN
71001,Y,0.146,0.003,0.135,5.42,10.49,10.49,0.00,4.21,69.38,1,11800,0.00,0.00,0.00,100.00,0.00,0.00,0.00,1932,1932
71004,Y,0.099,0.002,0.396,0.00,0.00,0.00,0.00,5.29,94.71,0,0,NaN,NaN,NaN,NaN,NaN,NaN,NaN,NaN,NaN
71006,N,0.088,0.001,0.051,0.01,45.19,45.19,0.00,7.63,1.97,0,0,NaN,NaN,NaN,NaN,NaN,NaN,NaN,NaN,NaN
71008,N,0.374,0.001,0.001,9.61,0.00,0.00,0.00,0.00,90.39,1,11800,0.00,0.00,0.00,100.00,0.00,0.00,0.00,1932,1932
71014,N,0.269,0.005,0.118,0.00,0.00,75.52,0.00,13.97,10.51,0,0,NaN,NaN,NaN,NaN,NaN,NaN,NaN,NaN,NaN
72002,N,0.228,0.100,0.026,1.29,0.00,0.00,0.00,0.01,98.70,3,2292,0.00,0.00,0.00,25.83,74.17,0.00,0.00,1878,1982
72004,N,0.017,0.000,0.006,54.71,0.00,0.08,0.00,1.19,44.02,0,0,NaN,NaN,NaN,NaN,NaN,NaN,NaN,NaN,NaN
72005,Y,0.004,0.000,0.004,95.45,0.00,0.00,0.00,4.55,0.00,0,0,NaN,NaN,NaN,NaN,NaN,NaN,NaN,NaN,NaN
72007,N,0.000,0.000,0.000,NaN,NaN,NaN,NaN,NaN,NaN,0,0,NaN,NaN,NaN,NaN,NaN,NaN,NaN,NaN,NaN
72009,N,0.047,0.001,0.012,97.62,0.00,0.00,0.00,2.14,0.24,0,0,NaN,NaN,NaN,NaN,NaN,NaN,NaN,NaN,NaN
72014,Y,0.024,0.000,0.000,100.00,0.00,0.00,0.00,0.00,0.00,0,0,NaN,NaN,NaN,NaN,NaN,NaN,NaN,NaN,NaN
72015,N,0.007,0.000,0.002,95.45,0.00,0.00,0.00,4.55,0.00,0,0,NaN,NaN,NaN,NaN,NaN,NaN,NaN,NaN,NaN
73005,Y,0.024,0.004,0.104,0.00,0.00,50.13,0.00,49.25,0.62,0,0,NaN,NaN,NaN,NaN,NaN,NaN,NaN,NaN,NaN
73009,N,0.018,0.000,0.000,0.00,0.00,100.00,0.00,0.00,0.00,0,0,NaN,NaN,NaN,NaN,NaN,NaN,NaN,NaN,NaN
73010,N,0.316,0.000,0.059,3.59,11.62,36.30,0.00,3.59,44.91,0,0,NaN,NaN,NaN,NaN,NaN,NaN,NaN,NaN,NaN
73011,Y,0.000,0.000,0.000,NaN,NaN,NaN,NaN,NaN,NaN,0,0,NaN,NaN,NaN,NaN,NaN,NaN,NaN,NaN,NaN
73014,N,0.291,0.000,0.010,0.00,55.33,44.67,0.00,0.00,0.00,0,0,NaN,NaN,NaN,NaN,NaN,NaN,NaN,NaN,NaN
73015,Y,0.000,0.000,0.000,NaN,NaN,NaN,NaN,NaN,NaN,0,0,NaN,NaN,NaN,NaN,NaN,NaN,NaN,NaN,NaN
74001,Y,0.129,0.000,0.000,0.00,0.00,28.16,0.00,0.00,71.84,1,2945,0.00,0.00,0.00,100.00,0.00,0.00,0.00,1907,1907
74005,N,0.217,0.000,0.047,0.34,0.00,0.90,0.00,0.00,98.76,1,3400,0.00,0.00,0.00,100.00,0.00,0.00,0.00,1902,1902
74006,N,0.034,0.049,0.004,0.00,0.00,0.00,0.00,92.34,7.66,0,0,NaN,NaN,NaN,NaN,NaN,NaN,NaN,NaN,NaN
74007,N,0.014,0.000,0.000,49.98,0.00,49.98,0.00,0.00,0.04,0,0,NaN,NaN,NaN,NaN,NaN,NaN,NaN,NaN,NaN
75003,N,0.775,0.000,0.017,0.68,0.00,3.72,0.00,0.00,95.61,1,40714,0.00,0.00,0.00,100.00,0.00,0.00,0.00,1894,1894
75004,N,0.159,0.000,0.001,0.00,0.00,0.00,0.00,0.00,100.00,1,3400,0.00,0.00,0.00,100.00,0.00,0.00,0.00,NaN,NaN
75017,Y,0.076,0.023,0.029,7.63,0.00,1.47,0.00,3.90,87.00,0,0,NaN,NaN,NaN,NaN,NaN,NaN,NaN,NaN,NaN
76003,N,0.818,0.010,0.021,2.08,0.11,2.93,0.00,0.12,94.75,2,87122,0.00,0.00,0.00,100.00,0.00,0.00,0.00,1935,1966
76005,N,0.000,0.003,0.007,3.38,3.54,0.00,0.00,3.01,90.06,0,0,NaN,NaN,NaN,NaN,NaN,NaN,NaN,NaN,NaN
76007,N,0.165,0.011,0.009,6.00,0.12,3.50,0.00,2.27,88.12,2,87122,0.00,0.00,0.00,100.00,0.00,0.00,0.00,1935,1966
76008,N,0.029,0.021,0.006,2.94,0.00,0.00,0.00,0.02,97.04,0,0,NaN,NaN,NaN,NaN,NaN,NaN,NaN,NaN,NaN
76011,N,0.000,0.000,0.000,NaN,NaN,NaN,NaN,NaN,NaN,0,0,NaN,NaN,NaN,NaN,NaN,NaN,NaN,NaN,NaN
76014,Y,0.000,0.000,0.000,NaN,NaN,NaN,NaN,NaN,NaN,0,0,NaN,NaN,NaN,NaN,NaN,NaN,NaN,NaN,NaN
77002,N,NaN,NaN,NaN,NaN,NaN,NaN,NaN,NaN,NaN,1,3147,0.00,0.00,0.00,0.00,0.00,0.00,100.00,NaN,NaN
77003,N,NaN,NaN,NaN,NaN,NaN,NaN,NaN,NaN,NaN,0,0,NaN,NaN,NaN,NaN,NaN,NaN,NaN,NaN,NaN
77004,Y,NaN,NaN,NaN,NaN,NaN,NaN,NaN,NaN,NaN,0,0,NaN,NaN,NaN,NaN,NaN,NaN,NaN,NaN,NaN
78003,N,NaN,NaN,NaN,NaN,NaN,NaN,NaN,NaN,NaN,0,0,NaN,NaN,NaN,NaN,NaN,NaN,NaN,NaN,NaN
78004,Y,NaN,NaN,NaN,NaN,NaN,NaN,NaN,NaN,NaN,0,0,NaN,NaN,NaN,NaN,NaN,NaN,NaN,NaN,NaN
78006,N,NaN,NaN,NaN,NaN,NaN,NaN,NaN,NaN,NaN,0,0,NaN,NaN,NaN,NaN,NaN,NaN,NaN,NaN,NaN
79002,Y,NaN,NaN,NaN,NaN,NaN,NaN,NaN,NaN,NaN,1,2888,0.00,0.00,0.00,0.00,0.00,0.00,100.00,NaN,NaN
79003,N,NaN,NaN,NaN,NaN,NaN,NaN,NaN,NaN,NaN,1,2888,0.00,0.00,0.00,0.00,0.00,0.00,100.00,NaN,NaN
79004,Y,NaN,NaN,NaN,NaN,NaN,NaN,NaN,NaN,NaN,0,0,NaN,NaN,NaN,NaN,NaN,NaN,NaN,NaN,NaN
79005,N,NaN,NaN,NaN,NaN,NaN,NaN,NaN,NaN,NaN,1,1618,0.00,0.00,0.00,0.00,0.00,0.00,100.00,NaN,NaN
79006,N,NaN,NaN,NaN,NaN,NaN,NaN,NaN,NaN,NaN,1,2888,0.00,0.00,0.00,0.00,0.00,0.00,100.00,NaN,NaN
80001,N,NaN,NaN,NaN,NaN,NaN,NaN,NaN,NaN,NaN,0,0,NaN,NaN,NaN,NaN,NaN,NaN,NaN,NaN,NaN
80002,N,NaN,NaN,NaN,NaN,NaN,NaN,NaN,NaN,NaN,6,93590,44.36,0.00,0.00,0.00,0.00,0.00,55.64,1935,1935
80003,N,NaN,NaN,NaN,NaN,NaN,NaN,NaN,NaN,NaN,0,0,NaN,NaN,NaN,NaN,NaN,NaN,NaN,NaN,NaN
80004,N,NaN,NaN,NaN,NaN,NaN,NaN,NaN,NaN,NaN,0,0,NaN,NaN,NaN,NaN,NaN,NaN,NaN,NaN,NaN
80005,N,NaN,NaN,NaN,NaN,NaN,NaN,NaN,NaN,NaN,0,0,NaN,NaN,NaN,NaN,NaN,NaN,NaN,NaN,NaN
80006,N,NaN,NaN,NaN,NaN,NaN,NaN,NaN,NaN,NaN,0,0,NaN,NaN,NaN,NaN,NaN,NaN,NaN,NaN,NaN
8004,Y,NaN,NaN,NaN,NaN,NaN,NaN,NaN,NaN,NaN,0,0,NaN,NaN,NaN,NaN,NaN,NaN,NaN,NaN,NaN
8005,N,NaN,NaN,NaN,NaN,NaN,NaN,NaN,NaN,NaN,3,11280,45.21,0.00,0.00,0.00,0.00,0.00,54.79,1938,1938
8006,N,NaN,NaN,NaN,NaN,NaN,NaN,NaN,NaN,NaN,3,11280,45.21,0.00,0.00,0.00,0.00,0.00,54.79,1938,1938
8009,Y,NaN,NaN,NaN,NaN,NaN,NaN,NaN,NaN,NaN,0,0,NaN,NaN,NaN,NaN,NaN,NaN,NaN,NaN,NaN
8011,N,NaN,NaN,NaN,NaN,NaN,NaN,NaN,NaN,NaN,0,0,NaN,NaN,NaN,NaN,NaN,NaN,NaN,NaN,NaN
8013,Y,NaN,NaN,NaN,NaN,NaN,NaN,NaN,NaN,NaN,0,0,NaN,NaN,NaN,NaN,NaN,NaN,NaN,NaN,NaN
81002,Y,NaN,NaN,NaN,NaN,NaN,NaN,NaN,NaN,NaN,0,0,NaN,NaN,NaN,NaN,NaN,NaN,NaN,NaN,NaN
81003,N,NaN,NaN,NaN,NaN,NaN,NaN,NaN,NaN,NaN,1,2591,0.00,0.00,0.00,0.00,0.00,0.00,100.00,NaN,NaN
81004,Y,NaN,NaN,NaN,NaN,NaN,NaN,NaN,NaN,NaN,0,0,NaN,NaN,NaN,NaN,NaN,NaN,NaN,NaN,NaN
81006,N,NaN,NaN,NaN,NaN,NaN,NaN,NaN,NaN,NaN,0,0,NaN,NaN,NaN,NaN,NaN,NaN,NaN,NaN,NaN
81007,N,NaN,NaN,NaN,NaN,NaN,NaN,NaN,NaN,NaN,0,0,NaN,NaN,NaN,NaN,NaN,NaN,NaN,NaN,NaN
82001,N,NaN,NaN,NaN,NaN,NaN,NaN,NaN,NaN,NaN,3,23310,0.00,0.00,0.00,82.20,0.00,0.00,17.80,1912,1912
82003,N,NaN,NaN,NaN,NaN,NaN,NaN,NaN,NaN,NaN,0,0,NaN,NaN,NaN,NaN,NaN,NaN,NaN,NaN,NaN
83003,N,NaN,NaN,NaN,NaN,NaN,NaN,NaN,NaN,NaN,0,0,NaN,NaN,NaN,NaN,NaN,NaN,NaN,NaN,NaN
83004,N,NaN,NaN,NaN,NaN,NaN,NaN,NaN,NaN,NaN,0,0,NaN,NaN,NaN,NaN,NaN,NaN,NaN,NaN,NaN
83006,Y,NaN,NaN,NaN,NaN,NaN,NaN,NaN,NaN,NaN,0,0,NaN,NaN,NaN,NaN,NaN,NaN,NaN,NaN,NaN
83007,N,NaN,NaN,NaN,NaN,NaN,NaN,NaN,NaN,NaN,0,0,NaN,NaN,NaN,NaN,NaN,NaN,NaN,NaN,NaN
83009,N,NaN,NaN,NaN,NaN,NaN,NaN,NaN,NaN,NaN,3,8937,0.00,0.00,0.00,0.00,0.00,0.00,100.00,NaN,NaN
83010,Y,NaN,NaN,NaN,NaN,NaN,NaN,NaN,NaN,NaN,0,0,NaN,NaN,NaN,NaN,NaN,NaN,NaN,NaN,NaN
83013,N,NaN,NaN,NaN,NaN,NaN,NaN,NaN,NaN,NaN,0,0,NaN,NaN,NaN,NaN,NaN,NaN,NaN,NaN,NaN
84001,N,NaN,NaN,NaN,NaN,NaN,NaN,NaN,NaN,NaN,2,5684,0.00,0.00,0.00,0.00,0.00,0.00,100.00,NaN,NaN
84004,N,NaN,NaN,NaN,NaN,NaN,NaN,NaN,NaN,NaN,3,36735,0.00,0.00,0.00,94.06,0.00,0.00,5.94,1930,1956
84005,N,NaN,NaN,NaN,NaN,NaN,NaN,NaN,NaN,NaN,4,39635,0.00,0.00,0.00,87.18,0.00,0.00,12.82,1930,1956
84008,N,NaN,NaN,NaN,NaN,NaN,NaN,NaN,NaN,NaN,0,0,NaN,NaN,NaN,NaN,NaN,NaN,NaN,NaN,NaN
84009,N,NaN,NaN,NaN,NaN,NaN,NaN,NaN,NaN,NaN,0,0,NaN,NaN,NaN,NaN,NaN,NaN,NaN,NaN,NaN
84012,N,NaN,NaN,NaN,NaN,NaN,NaN,NaN,NaN,NaN,2,4983,0.00,0.00,0.00,0.00,0.00,0.00,100.00,NaN,NaN
84013,N,NaN,NaN,NaN,NaN,NaN,NaN,NaN,NaN,NaN,6,45906,0.00,0.00,0.00,75.27,0.00,0.00,24.73,1930,1956
84014,N,NaN,NaN,NaN,NaN,NaN,NaN,NaN,NaN,NaN,0,0,NaN,NaN,NaN,NaN,NaN,NaN,NaN,NaN,NaN
84016,N,NaN,NaN,NaN,NaN,NaN,NaN,NaN,NaN,NaN,0,0,NaN,NaN,NaN,NaN,NaN,NaN,NaN,NaN,NaN
84017,N,NaN,NaN,NaN,NaN,NaN,NaN,NaN,NaN,NaN,2,7783,0.00,0.00,0.00,0.00,0.00,0.00,100.00,NaN,NaN
84018,N,NaN,NaN,NaN,NaN,NaN,NaN,NaN,NaN,NaN,3,36735,0.00,0.00,0.00,94.06,0.00,0.00,5.94,1930,1956
84019,N,NaN,NaN,NaN,NaN,NaN,NaN,NaN,NaN,NaN,2,6271,0.00,0.00,0.00,0.00,0.00,0.00,100.00,NaN,NaN
84020,N,NaN,NaN,NaN,NaN,NaN,NaN,NaN,NaN,NaN,0,0,NaN,NaN,NaN,NaN,NaN,NaN,NaN,NaN,NaN
84022,Y,NaN,NaN,NaN,NaN,NaN,NaN,NaN,NaN,NaN,0,0,NaN,NaN,NaN,NaN,NaN,NaN,NaN,NaN,NaN
84026,N,NaN,NaN,NaN,NaN,NaN,NaN,NaN,NaN,NaN,0,0,NaN,NaN,NaN,NaN,NaN,NaN,NaN,NaN,NaN
84030,N,NaN,NaN,NaN,NaN,NaN,NaN,NaN,NaN,NaN,1,1634,0.00,0.00,0.00,0.00,0.00,0.00,100.00,NaN,NaN
85001,N,NaN,NaN,NaN,NaN,NaN,NaN,NaN,NaN,NaN,4,180975,19.89,0.00,0.00,6.79,0.00,0.00,73.32,1914,1951
85002,N,NaN,NaN,NaN,NaN,NaN,NaN,NaN,NaN,NaN,1,3692,0.00,0.00,0.00,0.00,0.00,0.00,100.00,NaN,NaN
85003,Y,NaN,NaN,NaN,NaN,NaN,NaN,NaN,NaN,NaN,0,0,NaN,NaN,NaN,NaN,NaN,NaN,NaN,NaN,NaN
85004,N,NaN,NaN,NaN,NaN,NaN,NaN,NaN,NaN,NaN,0,0,NaN,NaN,NaN,NaN,NaN,NaN,NaN,NaN,NaN
88001,N,NaN,NaN,NaN,NaN,NaN,NaN,NaN,NaN,NaN,0,0,NaN,NaN,NaN,NaN,NaN,NaN,NaN,NaN,NaN
89002,N,NaN,NaN,NaN,NaN,NaN,NaN,NaN,NaN,NaN,0,0,NaN,NaN,NaN,NaN,NaN,NaN,NaN,NaN,NaN
89003,N,NaN,NaN,NaN,NaN,NaN,NaN,NaN,NaN,NaN,0,0,NaN,NaN,NaN,NaN,NaN,NaN,NaN,NaN,NaN
89005,N,NaN,NaN,NaN,NaN,NaN,NaN,NaN,NaN,NaN,0,0,NaN,NaN,NaN,NaN,NaN,NaN,NaN,NaN,NaN
89007,N,NaN,NaN,NaN,NaN,NaN,NaN,NaN,NaN,NaN,0,0,NaN,NaN,NaN,NaN,NaN,NaN,NaN,NaN,NaN
90003,Y,NaN,NaN,NaN,NaN,NaN,NaN,NaN,NaN,NaN,0,0,NaN,NaN,NaN,NaN,NaN,NaN,NaN,NaN,NaN
9002,N,NaN,NaN,NaN,NaN,NaN,NaN,NaN,NaN,NaN,0,0,NaN,NaN,NaN,NaN,NaN,NaN,NaN,NaN,NaN
9003,N,NaN,NaN,NaN,NaN,NaN,NaN,NaN,NaN,NaN,0,0,NaN,NaN,NaN,NaN,NaN,NaN,NaN,NaN,NaN
9004,N,NaN,NaN,NaN,NaN,NaN,NaN,NaN,NaN,NaN,0,0,NaN,NaN,NaN,NaN,NaN,NaN,NaN,NaN,NaN
9005,N,NaN,NaN,NaN,NaN,NaN,NaN,NaN,NaN,NaN,0,0,NaN,NaN,NaN,NaN,NaN,NaN,NaN,NaN,NaN
92001,N,NaN,NaN,NaN,NaN,NaN,NaN,NaN,NaN,NaN,0,0,NaN,NaN,NaN,NaN,NaN,NaN,NaN,NaN,NaN
93001,Y,NaN,NaN,NaN,NaN,NaN,NaN,NaN,NaN,NaN,0,0,NaN,NaN,NaN,NaN,NaN,NaN,NaN,NaN,NaN
94001,Y,NaN,NaN,NaN,NaN,NaN,NaN,NaN,NaN,NaN,1,7000,0.00,0.00,0.00,0.00,0.00,0.00,100.00,NaN,NaN
95001,Y,NaN,NaN,NaN,NaN,NaN,NaN,NaN,NaN,NaN,0,0,NaN,NaN,NaN,NaN,NaN,NaN,NaN,NaN,NaN
96001,N,NaN,NaN,NaN,NaN,NaN,NaN,NaN,NaN,NaN,0,0,NaN,NaN,NaN,NaN,NaN,NaN,NaN,NaN,NaN
96002,Y,NaN,NaN,NaN,NaN,NaN,NaN,NaN,NaN,NaN,0,0,NaN,NaN,NaN,NaN,NaN,NaN,NaN,NaN,NaN
96004,N,NaN,NaN,NaN,NaN,NaN,NaN,NaN,NaN,NaN,0,0,NaN,NaN,NaN,NaN,NaN,NaN,NaN,NaN,NaN
97002,N,NaN,NaN,NaN,NaN,NaN,NaN,NaN,NaN,NaN,2,18116,0.00,0.00,0.00,0.00,0.00,0.00,100.00,NaN,NaN
